Workbook

Sheet Sheet1
A1: Date :06.11.2025 | K1: Time :
A2: Row Labels | B2: SR EXECUTIVE Names | C2: Executive | E2: Existing Team | F2: Due List Total | G2: RCVD | H2: BLC | I2: % | K2: Target 8% | L2: RCVD | M2: BLC | N2: % | P2: 7th July % | R2: 5th % | S2: 4th % | T2: 3rd % | U2: 1st % | W2: 2W | X2: RCVD | Y2: BLC | Z2: % | AB2: 3W | AC2: RCVD | AD2: BLC | AE2: %
A3: Sai Rekha | C3: =C4+C10+C14+C19+C24+C28+C12 -> 31 | F3: =F4+F10+F14+F19+F24+F28+F12 -> 3242 | G3: =G4+G10+G14+G19+G24+G28+G12 -> 403 | H3: =H4+H10+H14+H19+H24+H28+H12 -> 2839 | I3: =G3/F3 -> 0.12430598 | K3: =K4+K10+K14+K19+K24+K28+K12 -> 389.04 | L3: =L4+L10+L14+L19+L24+L28+L12 -> 0 | M3: =M4+M10+M14+M19+M24+M28+M12 -> 389.04 | N3: =L3/F3 -> 0 | P3: 0.154 | R3: 0.078038248 | S3: 0.025601481 | T3: 0.016964837 | U3: 0.0037014189 | W3: =W4+W10+W14+W19+W24+W28+W12 -> 1757 | X3: =X4+X10+X14+X19+X24+X28+X12 -> 147 | Y3: =Y4+Y10+Y14+Y19+Y24+Y28+Y12 -> 1610 | Z3: =X3/W3 -> 0.083665339 | AB3: =AB4+AB10+AB14+AB19+AB24+AB28+AB12 -> 1485 | AC3: =AC4+AC10+AC14+AC19+AC24+AC28+AC12 -> 256 | AD3: =AD4+AD10+AD14+AD19+AD24+AD28+AD12 -> 1229 | AE3: =AC3/AB3 -> 0.17239057
A4: Jamanna | C4: =SUM(C5:C9) -> 7 | F4: =SUM(F5:F9) -> 562 | G4: =SUM(G5:G9) -> 61 | H4: =SUM(H5:H9) -> 501 | I4: =G4/F4 -> 0.10854093 | K4: =SUM(K5:K9) -> 67.44 | L4: =SUM(L5:L9) -> 0 | M4: =SUM(M5:M9) -> 67.44 | N4: =L4/F4 -> 0 | P4: 0.16736402 | R4: 0.067615658 | S4: 0.026690391 | T4: 0.012455516 | U4: 0.0017793594 | W4: =SUM(W5:W9) -> 449 | X4: =SUM(X5:X9) -> 36 | Y4: =SUM(Y5:Y9) -> 413 | Z4: =X4/W4 -> 0.080178174 | AB4: =SUM(AB5:AB9) -> 113 | AC4: =SUM(AC5:AC9) -> 25 | AD4: =SUM(AD5:AD9) -> 88 | AE4: =AC4/AB4 -> 0.22123894
A5: Alampur | C5: 1 | F5: =VLOOKUP(A:A,[1]Sheet1!$A:$D,4,0) -> 71 | G5: =VLOOKUP(A:A,[1]Sheet1!$A:$C,3,0) -> 10 | H5: =F5-G5 -> 61 | I5: =G5/F5 -> 0.14084507 | K5: =F5*12/100 -> 8.52 | M5: =K5-L5 -> 8.52 | N5: =L5/F5 -> 0 | P5: 0.2 | R5: 0.12676056 | S5: 0 | T5: 0.014084507 | U5: 0 | W5: =VLOOKUP(A:A,'[1]2w & 3w'!$A:$D,4,0) -> 59 | X5: =VLOOKUP(A:A,'[1]2w & 3w'!$A:$C,3,0) -> 7 | Y5: =W5-X5 -> 52 | Z5: =X5/W5 -> 0.11864407 | AB5: =VLOOKUP(A:A,'[1]2w & 3w'!$A:$G,7,0) -> 12 | AC5: =VLOOKUP(A:A,'[1]2w & 3w'!$A:$F,6,0) -> 3 | AD5: =AB5-AC5 -> 9 | AE5: =AC5/AB5 -> 0.25
A6: Gadwal | C6: 2 | F6: =VLOOKUP(A:A,[1]Sheet1!$A:$D,4,0) -> 160 | G6: =VLOOKUP(A:A,[1]Sheet1!$A:$C,3,0) -> 24 | H6: =F6-G6 -> 136 | I6: =G6/F6 -> 0.15 | K6: =F6*12/100 -> 19.2 | M6: =K6-L6 -> 19.2 | N6: =L6/F6 -> 0 | P6: 0.19897959 | R6: 0.0875 | S6: 0.0375 | T6: 0.01875 | U6: 0.00625 | W6: =VLOOKUP(A:A,'[1]2w & 3w'!$A:$D,4,0) -> 79 | X6: =VLOOKUP(A:A,'[1]2w & 3w'!$A:$C,3,0) -> 6 | Y6: =W6-X6 -> 73 | Z6: =X6/W6 -> 0.075949367 | AB6: =VLOOKUP(A:A,'[1]2w & 3w'!$A:$G,7,0) -> 81 | AC6: =VLOOKUP(A:A,'[1]2w & 3w'!$A:$F,6,0) -> 18 | AD6: =AB6-AC6 -> 63 | AE6: =AC6/AB6 -> 0.22222222
A7: Ieeza | C7: 2 | F7: =VLOOKUP(A:A,[1]Sheet1!$A:$D,4,0) -> 174 | G7: =VLOOKUP(A:A,[1]Sheet1!$A:$C,3,0) -> 13 | H7: =F7-G7 -> 161 | I7: =G7/F7 -> 0.074712644 | K7: =F7*12/100 -> 20.88 | M7: =K7-L7 -> 20.88 | N7: =L7/F7 -> 0 | P7: 0.16444444 | R7: 0.028735632 | S7: 0.040229885 | T7: 0.0057471264 | U7: 0 | W7: =VLOOKUP(A:A,'[1]2w & 3w'!$A:$D,4,0) -> 166 | X7: =VLOOKUP(A:A,'[1]2w & 3w'!$A:$C,3,0) -> 11 | Y7: =W7-X7 -> 155 | Z7: =X7/W7 -> 0.06626506 | AB7: =VLOOKUP(A:A,'[1]2w & 3w'!$A:$G,7,0) -> 8 | AC7: =VLOOKUP(A:A,'[1]2w & 3w'!$A:$F,6,0) -> 2 | AD7: =AB7-AC7 -> 6 | AE7: =AC7/AB7 -> 0.25
A8: Shanthinagar | C8: 1 | F8: =VLOOKUP(A:A,[1]Sheet1!$A:$D,4,0) -> 102 | G8: =VLOOKUP(A:A,[1]Sheet1!$A:$C,3,0) -> 9 | H8: =F8-G8 -> 93 | I8: =G8/F8 -> 0.088235294 | K8: =F8*12/100 -> 12.24 | M8: =K8-L8 -> 12.24 | N8: =L8/F8 -> 0 | P8: 0.1294964 | R8: 0.078431373 | S8: 0 | T8: 0.0098039216 | U8: 0 | W8: =VLOOKUP(A:A,'[1]2w & 3w'!$A:$D,4,0) -> 101 | X8: =VLOOKUP(A:A,'[1]2w & 3w'!$A:$C,3,0) -> 9 | Y8: =W8-X8 -> 92 | Z8: =X8/W8 -> 0.089108911 | AB8: =VLOOKUP(A:A,'[1]2w & 3w'!$A:$G,7,0) -> 1 | AC8: =VLOOKUP(A:A,'[1]2w & 3w'!$A:$F,6,0) -> 0 | AD8: =AB8-AC8 -> 1 | AE8: =AC8/AB8 -> 0
A9: Yerravalli | C9: 1 | F9: =VLOOKUP(A:A,[1]Sheet1!$A:$D,4,0) -> 55 | G9: =VLOOKUP(A:A,[1]Sheet1!$A:$C,3,0) -> 5 | H9: =F9-G9 -> 50 | I9: =G9/F9 -> 0.090909091 | K9: =F9*12/100 -> 6.6 | M9: =K9-L9 -> 6.6 | N9: =L9/F9 -> 0 | P9: 0.12987013 | R9: 0.036363636 | S9: 0.036363636 | T9: 0.018181818 | U9: 0 | W9: =VLOOKUP(A:A,'[1]2w & 3w'!$A:$D,4,0) -> 44 | X9: =VLOOKUP(A:A,'[1]2w & 3w'!$A:$C,3,0) -> 3 | Y9: =W9-X9 -> 41 | Z9: =X9/W9 -> 0.068181818 | AB9: =VLOOKUP(A:A,'[1]2w & 3w'!$A:$G,7,0) -> 11 | AC9: =VLOOKUP(A:A,'[1]2w & 3w'!$A:$F,6,0) -> 2 | AD9: =AB9-AC9 -> 9 | AE9: =AC9/AB9 -> 0.18181818
A10: NO_ TL bhainsa | C10: =C11 -> 2 | F10: =F11 -> 235 | G10: =G11 -> 35 | H10: =H11 -> 200 | I10: =G10/F10 -> 0.14893617 | K10: =K11 -> 28.2 | L10: =L11 -> 0 | M10: =M11 -> 28.2 | N10: =L10/F10 -> 0 | P10: 0.13253012 | R10: 0.059574468 | S10: 0.042553191 | T10: 0.038297872 | U10: 0.0085106383 | W10: =W11 -> 226 | X10: =X11 -> 32 | Y10: =Y11 -> 194 | Z10: =X10/W10 -> 0.14159292 | AB10: =AB11 -> 9 | AC10: =AC11 -> 3 | AD10: =AD11 -> 6 | AE10: =AC10/AB10 -> 0.33333333
A11: Bhainsa | C11: 2 | F11: =VLOOKUP(A:A,[1]Sheet1!$A:$D,4,0) -> 235 | G11: =VLOOKUP(A:A,[1]Sheet1!$A:$C,3,0) -> 35 | H11: =F11-G11 -> 200 | I11: =G11/F11 -> 0.14893617 | K11: =F11*12/100 -> 28.2 | M11: =K11-L11 -> 28.2 | N11: =L11/F11 -> 0 | P11: 0.13253012 | R11: 0.059574468 | S11: 0.042553191 | T11: 0.038297872 | U11: 0.0085106383 | W11: =VLOOKUP(A:A,'[1]2w & 3w'!$A:$D,4,0) -> 226 | X11: =VLOOKUP(A:A,'[1]2w & 3w'!$A:$C,3,0) -> 32 | Y11: =W11-X11 -> 194 | Z11: =X11/W11 -> 0.14159292 | AB11: =VLOOKUP(A:A,'[1]2w & 3w'!$A:$G,7,0) -> 9 | AC11: =VLOOKUP(A:A,'[1]2w & 3w'!$A:$F,6,0) -> 3 | AD11: =AB11-AC11 -> 6 | AE11: =AC11/AB11 -> 0.33333333
A12: NO TL ADILABAD | C12: =C13 -> 1 | F12: =F13 -> 122 | G12: =G13 -> 10 | H12: =H13 -> 112 | I12: =G12/F12 -> 0.081967213 | K12: =K13 -> 14.64 | L12: =L13 -> 0 | M12: =M13 -> 14.64 | N12: =L12/F12 -> 0 | P12: 0.088435374 | R12: 0.049180328 | S12: 0.024590164 | T12: 0.0081967213 | U12: 0 | W12: =W13 -> 107 | X12: =X13 -> 7 | Y12: =Y13 -> 100 | Z12: =X12/W12 -> 0.065420561 | AB12: =AB13 -> 15 | AC12: =AC13 -> 3 | AD12: =AD13 -> 12 | AE12: =AC12/AB12 -> 0.2
A13: Adilabad | B13: SE ex | C13: 1 | F13: =VLOOKUP(A:A,[1]Sheet1!$A:$D,4,0) -> 122 | G13: =VLOOKUP(A:A,[1]Sheet1!$A:$C,3,0) -> 10 | H13: =F13-G13 -> 112 | I13: =G13/F13 -> 0.081967213 | K13: =F13*12/100 -> 14.64 | M13: =K13-L13 -> 14.64 | N13: =L13/F13 -> 0 | P13: 0.088435374 | R13: 0.049180328 | S13: 0.024590164 | T13: 0.0081967213 | U13: 0 | W13: =VLOOKUP(A:A,'[1]2w & 3w'!$A:$D,4,0) -> 107 | X13: =VLOOKUP(A:A,'[1]2w & 3w'!$A:$C,3,0) -> 7 | Y13: =W13-X13 -> 100 | Z13: =X13/W13 -> 0.065420561 | AB13: =VLOOKUP(A:A,'[1]2w & 3w'!$A:$G,7,0) -> 15 | AC13: =VLOOKUP(A:A,'[1]2w & 3w'!$A:$F,6,0) -> 3 | AD13: =AB13-AC13 -> 12 | AE13: =AC13/AB13 -> 0.2
A14: Vijay - MBNR | C14: =SUM(C15:C18) -> 7 | F14: =SUM(F15:F18) -> 821 | G14: =SUM(G15:G18) -> 148 | H14: =SUM(H15:H18) -> 673 | I14: =G14/F14 -> 0.18026797 | K14: =SUM(K15:K18) -> 98.52 | L14: =SUM(L15:L18) -> 0 | M14: =SUM(M15:M18) -> 98.52 | N14: =L14/F14 -> 0 | P14: 0.20671141 | R14: 0.12789281 | S14: 0.032886724 | T14: 0.015834348 | U14: 0.0036540804 | W14: =SUM(W15:W18) -> 149 | X14: =SUM(X15:X18) -> 15 | Y14: =SUM(Y15:Y18) -> 134 | Z14: =X14/W14 -> 0.10067114 | AB14: =SUM(AB15:AB18) -> 672 | AC14: =SUM(AC15:AC18) -> 133 | AD14: =SUM(AD15:AD18) -> 539 | AE14: =AC14/AB14 -> 0.19791667
A15: Kalwakurthi | C15: 1 | F15: =VLOOKUP(A:A,[1]Sheet1!$A:$D,4,0) -> 106 | G15: =VLOOKUP(A:A,[1]Sheet1!$A:$C,3,0) -> 14 | H15: =F15-G15 -> 92 | I15: =G15/F15 -> 0.13207547 | K15: =F15*12/100 -> 12.72 | M15: =K15-L15 -> 12.72 | N15: =L15/F15 -> 0 | P15: 0.1440678 | R15: 0.075471698 | S15: 0.028301887 | T15: 0.028301887 | U15: 0 | W15: =VLOOKUP(A:A,'[1]2w & 3w'!$A:$D,4,0) -> 68 | X15: =VLOOKUP(A:A,'[1]2w & 3w'!$A:$C,3,0) -> 10 | Y15: =W15-X15 -> 58 | Z15: =X15/W15 -> 0.14705882 | AB15: =VLOOKUP(A:A,'[1]2w & 3w'!$A:$G,7,0) -> 38 | AC15: =VLOOKUP(A:A,'[1]2w & 3w'!$A:$F,6,0) -> 4 | AD15: =AB15-AC15 -> 34 | AE15: =AC15/AB15 -> 0.10526316
A16: MahaboobNagar (Auto) | B16: SE ex | C16: 3 | F16: =VLOOKUP(A:A,[1]Sheet1!$A:$D,4,0) -> 330 | G16: =VLOOKUP(A:A,[1]Sheet1!$A:$C,3,0) -> 50 | H16: =F16-G16 -> 280 | I16: =G16/F16 -> 0.15151515 | K16: =F16*12/100 -> 39.6 | M16: =K16-L16 -> 39.6 | N16: =L16/F16 -> 0 | P16: 0.22175732 | R16: 0.11212121 | S16: 0.024242424 | T16: 0.012121212 | U16: 0.003030303 | W16: =VLOOKUP(A:A,'[1]2w & 3w'!$A:$D,4,0) -> 10 | X16: =VLOOKUP(A:A,'[1]2w & 3w'!$A:$C,3,0) -> 0 | Y16: =W16-X16 -> 10 | Z16: =X16/W16 -> 0 | AB16: =VLOOKUP(A:A,'[1]2w & 3w'!$A:$G,7,0) -> 320 | AC16: =VLOOKUP(A:A,'[1]2w & 3w'!$A:$F,6,0) -> 50 | AD16: =AB16-AC16 -> 270 | AE16: =AC16/AB16 -> 0.15625
A17: Nagarkurnool (2W) | C17: 1 | F17: =VLOOKUP(A:A,[1]Sheet1!$A:$D,4,0) -> 134 | G17: =VLOOKUP(A:A,[1]Sheet1!$A:$C,3,0) -> 23 | H17: =F17-G17 -> 111 | I17: =G17/F17 -> 0.17164179 | K17: =F17*12/100 -> 16.08 | M17: =K17-L17 -> 16.08 | N17: =L17/F17 -> 0 | P17: 0.2231405 | R17: 0.11940299 | S17: 0.037313433 | T17: 0.014925373 | U17: 0 | W17: =VLOOKUP(A:A,'[1]2w & 3w'!$A:$D,4,0) -> 32 | X17: =VLOOKUP(A:A,'[1]2w & 3w'!$A:$C,3,0) -> 2 | Y17: =W17-X17 -> 30 | Z17: =X17/W17 -> 0.0625 | AB17: =VLOOKUP(A:A,'[1]2w & 3w'!$A:$G,7,0) -> 102 | AC17: =VLOOKUP(A:A,'[1]2w & 3w'!$A:$F,6,0) -> 21 | AD17: =AB17-AC17 -> 81 | AE17: =AC17/AB17 -> 0.20588235
A18: Narayanpet | B18: SE ex | C18: 2 | F18: =VLOOKUP(A:A,[1]Sheet1!$A:$D,4,0) -> 251 | G18: =VLOOKUP(A:A,[1]Sheet1!$A:$C,3,0) -> 61 | H18: =F18-G18 -> 190 | I18: =G18/F18 -> 0.24302789 | K18: =F18*12/100 -> 30.12 | M18: =K18-L18 -> 30.12 | N18: =L18/F18 -> 0 | P18: 0.21348315 | R18: 0.1752988 | S18: 0.043824701 | T18: 0.015936255 | U18: 0.0079681275 | W18: =VLOOKUP(A:A,'[1]2w & 3w'!$A:$D,4,0) -> 39 | X18: =VLOOKUP(A:A,'[1]2w & 3w'!$A:$C,3,0) -> 3 | Y18: =W18-X18 -> 36 | Z18: =X18/W18 -> 0.076923077 | AB18: =VLOOKUP(A:A,'[1]2w & 3w'!$A:$G,7,0) -> 212 | AC18: =VLOOKUP(A:A,'[1]2w & 3w'!$A:$F,6,0) -> 58 | AD18: =AB18-AC18 -> 154 | AE18: =AC18/AB18 -> 0.27358491
A19: Amjed Ali | C19: =SUM(C20:C22) -> 4 | F19: =SUM(F20:F23) -> 507 | G19: =SUM(G20:G23) -> 51 | H19: =SUM(H20:H23) -> 456 | I19: =G19/F19 -> 0.10059172 | K19: =SUM(K20:K23) -> 60.84 | L19: =SUM(L20:L23) -> 0 | M19: =SUM(M20:M23) -> 60.84 | N19: =L19/F19 -> 0 | P19: 0.13868613 | R19: 0.069033531 | S19: 0.013806706 | T19: 0.013806706 | U19: 0.0039447732 | W19: =SUM(W20:W23) -> 480 | X19: =SUM(X20:X23) -> 46 | Y19: =SUM(Y20:Y23) -> 434 | Z19: =X19/W19 -> 0.095833333 | AB19: =SUM(AB20:AB23) -> 27 | AC19: =SUM(AC20:AC23) -> 5 | AD19: =SUM(AD20:AD23) -> 22 | AE19: =AC19/AB19 -> 0.18518519
A20: Devarakonda(2W) | C20: 1 | F20: =VLOOKUP(A:A,[1]Sheet1!$A:$D,4,0) -> 127 | G20: =VLOOKUP(A:A,[1]Sheet1!$A:$C,3,0) -> 17 | H20: =F20-G20 -> 110 | I20: =G20/F20 -> 0.13385827 | K20: =F20*12/100 -> 15.24 | M20: =K20-L20 -> 15.24 | N20: =L20/F20 -> 0 | P20: 0.125 | R20: 0.094488189 | S20: 0.0078740157 | T20: 0.023622047 | U20: 0.0078740157 | W20: =VLOOKUP(A:A,'[1]2w & 3w'!$A:$D,4,0) -> 120 | X20: =VLOOKUP(A:A,'[1]2w & 3w'!$A:$C,3,0) -> 17 | Y20: =W20-X20 -> 103 | Z20: =X20/W20 -> 0.14166667 | AB20: =VLOOKUP(A:A,'[1]2w & 3w'!$A:$G,7,0) -> 7 | AC20: =VLOOKUP(A:A,'[1]2w & 3w'!$A:$F,6,0) -> 0 | AD20: =AB20-AC20 -> 7 | AE20: =AC20/AB20 -> 0
A21: Miryalaguda | C21: 1 | F21: =VLOOKUP(A:A,[1]Sheet1!$A:$D,4,0) -> 113 | G21: =VLOOKUP(A:A,[1]Sheet1!$A:$C,3,0) -> 11 | H21: =F21-G21 -> 102 | I21: =G21/F21 -> 0.097345133 | K21: =F21*12/100 -> 13.56 | M21: =K21-L21 -> 13.56 | N21: =L21/F21 -> 0 | P21: 0.15789474 | R21: 0.079646018 | S21: 0.0088495575 | T21: 0.0088495575 | U21: 0 | W21: =VLOOKUP(A:A,'[1]2w & 3w'!$A:$D,4,0) -> 93 | X21: =VLOOKUP(A:A,'[1]2w & 3w'!$A:$C,3,0) -> 6 | Y21: =W21-X21 -> 87 | Z21: =X21/W21 -> 0.064516129 | AB21: =VLOOKUP(A:A,'[1]2w & 3w'!$A:$G,7,0) -> 20 | AC21: =VLOOKUP(A:A,'[1]2w & 3w'!$A:$F,6,0) -> 5 | AD21: =AB21-AC21 -> 15 | AE21: =AC21/AB21 -> 0.25
A22: Amangal | C22: 2 | F22: =VLOOKUP(A:A,[1]Sheet1!$A:$D,4,0) -> 247 | G22: =VLOOKUP(A:A,[1]Sheet1!$A:$C,3,0) -> 22 | H22: =F22-G22 -> 225 | I22: =G22/F22 -> 0.089068826 | K22: =F22*12/100 -> 29.64 | M22: =K22-L22 -> 29.64 | N22: =L22/F22 -> 0 | P22: 0.098360656 | R22: 0.056680162 | S22: 0.020242915 | T22: 0.012145749 | U22: 0 | W22: =VLOOKUP(A:A,'[1]2w & 3w'!$A:$D,4,0) -> 247 | X22: =VLOOKUP(A:A,'[1]2w & 3w'!$A:$C,3,0) -> 22 | Y22: =W22-X22 -> 225 | Z22: =X22/W22 -> 0.089068826 | AB22: =VLOOKUP(A:A,'[1]2w & 3w'!$A:$G,7,0) -> 0 | AC22: =VLOOKUP(A:A,'[1]2w & 3w'!$A:$F,6,0) -> 0 | AD22: =AB22-AC22 -> 0 | AE22: 0
A23: Tukkuguda | F23: =VLOOKUP(A:A,[1]Sheet1!$A:$D,4,0) -> 20 | G23: =VLOOKUP(A:A,[1]Sheet1!$A:$C,3,0) -> 1 | H23: =F23-G23 -> 19 | I23: =G23/F23 -> 0.05 | K23: =F23*12/100 -> 2.4 | M23: =K23-L23 -> 2.4 | N23: =L23/F23 -> 0 | P23: 0 | R23: 0 | S23: 0 | T23: 0 | U23: 0.05 | W23: =VLOOKUP(A:A,'[1]2w & 3w'!$A:$D,4,0) -> 20 | X23: =VLOOKUP(A:A,'[1]2w & 3w'!$A:$C,3,0) -> 1 | Y23: =W23-X23 -> 19 | Z23: =X23/W23 -> 0.05 | AB23: =VLOOKUP(A:A,'[1]2w & 3w'!$A:$G,7,0) -> 0 | AC23: =VLOOKUP(A:A,'[1]2w & 3w'!$A:$F,6,0) -> 0 | AD23: =AB23-AC23 -> 0 | AE23: 0
A24: Satish | C24: =SUM(C25:C27) -> 5 | F24: =SUM(F25:F27) -> 488 | G24: =SUM(G25:G27) -> 57 | H24: =SUM(H25:H27) -> 431 | I24: =G24/F24 -> 0.11680328 | K24: =SUM(K25:K27) -> 58.56 | L24: =SUM(L25:L27) -> 0 | M24: =SUM(M25:M27) -> 58.56 | N24: =L24/F24 -> 0 | P24: 0.15441176 | R24: 0.069672131 | S24: 0.026639344 | T24: 0.016393443 | U24: 0.0040983607 | W24: =SUM(W25:W27) -> 135 | X24: =SUM(X25:X27) -> 5 | Y24: =SUM(Y25:Y27) -> 130 | Z24: =X24/W24 -> 0.037037037 | AB24: =SUM(AB25:AB27) -> 353 | AC24: =SUM(AC25:AC27) -> 52 | AD24: =SUM(AD25:AD27) -> 301 | AE24: =AC24/AB24 -> 0.14730878
A25: Bhongir | B25: SE ex | C25: 3 | F25: =VLOOKUP(A:A,[1]Sheet1!$A:$D,4,0) -> 271 | G25: =VLOOKUP(A:A,[1]Sheet1!$A:$C,3,0) -> 38 | H25: =F25-G25 -> 233 | I25: =G25/F25 -> 0.1402214 | K25: =F25*12/100 -> 32.52 | M25: =K25-L25 -> 32.52 | N25: =L25/F25 -> 0 | P25: 0.16544118 | R25: 0.073800738 | S25: 0.040590406 | T25: 0.022140221 | U25: 0.0036900369 | W25: =VLOOKUP(A:A,'[1]2w & 3w'!$A:$D,4,0) -> 18 | X25: =VLOOKUP(A:A,'[1]2w & 3w'!$A:$C,3,0) -> 0 | Y25: =W25-X25 -> 18 | Z25: =X25/W25 -> 0 | AB25: =VLOOKUP(A:A,'[1]2w & 3w'!$A:$G,7,0) -> 253 | AC25: =VLOOKUP(A:A,'[1]2w & 3w'!$A:$F,6,0) -> 38 | AD25: =AB25-AC25 -> 215 | AE25: =AC25/AB25 -> 0.15019763
A26: Nalgonda | B26: SE ex | C26: 1 | F26: =VLOOKUP(A:A,[1]Sheet1!$A:$D,4,0) -> 121 | G26: =VLOOKUP(A:A,[1]Sheet1!$A:$C,3,0) -> 12 | H26: =F26-G26 -> 109 | I26: =G26/F26 -> 0.099173554 | K26: =F26*12/100 -> 14.52 | M26: =K26-L26 -> 14.52 | N26: =L26/F26 -> 0 | P26: 0.15 | R26: 0.066115702 | S26: 0.016528926 | T26: 0.0082644628 | U26: 0.0082644628 | W26: =VLOOKUP(A:A,'[1]2w & 3w'!$A:$D,4,0) -> 41 | X26: =VLOOKUP(A:A,'[1]2w & 3w'!$A:$C,3,0) -> 1 | Y26: =W26-X26 -> 40 | Z26: =X26/W26 -> 0.024390244 | AB26: =VLOOKUP(A:A,'[1]2w & 3w'!$A:$G,7,0) -> 80 | AC26: =VLOOKUP(A:A,'[1]2w & 3w'!$A:$F,6,0) -> 11 | AD26: =AB26-AC26 -> 69 | AE26: =AC26/AB26 -> 0.1375
A27: Huzurnagar | B27: SE ex | C27: 1 | F27: =VLOOKUP(A:A,[1]Sheet1!$A:$D,4,0) -> 96 | G27: =VLOOKUP(A:A,[1]Sheet1!$A:$C,3,0) -> 7 | H27: =F27-G27 -> 89 | I27: =G27/F27 -> 0.072916667 | K27: =F27*12/100 -> 11.52 | M27: =K27-L27 -> 11.52 | N27: =L27/F27 -> 0 | P27: 0.12903226 | R27: 0.0625 | S27: 0 | T27: 0.010416667 | U27: 0 | W27: =VLOOKUP(A:A,'[1]2w & 3w'!$A:$D,4,0) -> 76 | X27: =VLOOKUP(A:A,'[1]2w & 3w'!$A:$C,3,0) -> 4 | Y27: =W27-X27 -> 72 | Z27: =X27/W27 -> 0.052631579 | AB27: =VLOOKUP(A:A,'[1]2w & 3w'!$A:$G,7,0) -> 20 | AC27: =VLOOKUP(A:A,'[1]2w & 3w'!$A:$F,6,0) -> 3 | AD27: =AB27-AC27 -> 17 | AE27: =AC27/AB27 -> 0.15
A28: Shamshuddin | C28: =SUM(C29:C33) -> 5 | F28: =SUM(F29:F33) -> 507 | G28: =SUM(G29:G33) -> 41 | H28: =SUM(H29:H33) -> 466 | I28: =G28/F28 -> 0.08086785 | K28: =SUM(K29:K33) -> 60.84 | L28: =SUM(L29:L33) -> 0 | M28: =SUM(M29:M33) -> 60.84 | N28: =L28/F28 -> 0 | P28: 0.13229572 | R28: 0.041420118 | S28: 0.015779093 | T28: 0.019723866 | U28: 0.0039447732 | W28: =SUM(W29:W33) -> 211 | X28: =SUM(X29:X33) -> 6 | Y28: =SUM(Y29:Y33) -> 205 | Z28: =X28/W28 -> 0.028436019 | AB28: =SUM(AB29:AB33) -> 296 | AC28: =SUM(AC29:AC33) -> 35 | AD28: =SUM(AD29:AD33) -> 261 | AE28: =AC28/AB28 -> 0.11824324
A29: Huzurabad | C29: 1 | F29: =VLOOKUP(A:A,[1]Sheet1!$A:$D,4,0) -> 76 | G29: =VLOOKUP(A:A,[1]Sheet1!$A:$C,3,0) -> 5 | H29: =F29-G29 -> 71 | I29: =G29/F29 -> 0.065789474 | K29: =F29*12/100 -> 9.12 | M29: =K29-L29 -> 9.12 | N29: =L29/F29 -> 0 | P29: 0.097560976 | R29: 0.039473684 | S29: 0.013157895 | T29: 0.013157895 | U29: 0 | W29: =VLOOKUP(A:A,'[1]2w & 3w'!$A:$D,4,0) -> 45 | X29: =VLOOKUP(A:A,'[1]2w & 3w'!$A:$C,3,0) -> 2 | Y29: =W29-X29 -> 43 | Z29: =X29/W29 -> 0.044444444 | AB29: =VLOOKUP(A:A,'[1]2w & 3w'!$A:$G,7,0) -> 31 | AC29: =VLOOKUP(A:A,'[1]2w & 3w'!$A:$F,6,0) -> 3 | AD29: =AB29-AC29 -> 28 | AE29: =AC29/AB29 -> 0.096774194
A30: Peddapally | C30: 1 | F30: =VLOOKUP(A:A,[1]Sheet1!$A:$D,4,0) -> 93 | G30: =VLOOKUP(A:A,[1]Sheet1!$A:$C,3,0) -> 2 | H30: =F30-G30 -> 91 | I30: =G30/F30 -> 0.021505376 | K30: =F30*12/100 -> 11.16 | M30: =K30-L30 -> 11.16 | N30: =L30/F30 -> 0 | P30: 0.14754098 | R30: 0.021505376 | S30: 0 | T30: 0 | U30: 0 | W30: =VLOOKUP(A:A,'[1]2w & 3w'!$A:$D,4,0) -> 62 | X30: =VLOOKUP(A:A,'[1]2w & 3w'!$A:$C,3,0) -> 0 | Y30: =W30-X30 -> 62 | Z30: =X30/W30 -> 0 | AB30: =VLOOKUP(A:A,'[1]2w & 3w'!$A:$G,7,0) -> 31 | AC30: =VLOOKUP(A:A,'[1]2w & 3w'!$A:$F,6,0) -> 2 | AD30: =AB30-AC30 -> 29 | AE30: =AC30/AB30 -> 0.064516129
A31: Mancherial | F31: =VLOOKUP(A:A,[1]Sheet1!$A:$D,4,0) -> 17 | G31: =VLOOKUP(A:A,[1]Sheet1!$A:$C,3,0) -> 1 | H31: =F31-G31 -> 16 | I31: =G31/F31 -> 0.058823529 | K31: =F31*12/100 -> 2.04 | M31: =K31-L31 -> 2.04 | N31: =L31/F31 -> 0 | P31: 0 | R31: 0 | S31: 0 | T31: 0.058823529 | U31: 0 | W31: =VLOOKUP(A:A,'[1]2w & 3w'!$A:$D,4,0) -> 13 | X31: =VLOOKUP(A:A,'[1]2w & 3w'!$A:$C,3,0) -> 1 | Y31: =W31-X31 -> 12 | Z31: =X31/W31 -> 0.076923077 | AB31: =VLOOKUP(A:A,'[1]2w & 3w'!$A:$G,7,0) -> 4 | AC31: =VLOOKUP(A:A,'[1]2w & 3w'!$A:$F,6,0) -> 0 | AD31: =AB31-AC31 -> 4 | AE31: =AC31/AB31 -> 0
A32: Karimnagar | C32: 2 | F32: =VLOOKUP(A:A,[1]Sheet1!$A:$D,4,0) -> 179 | G32: =VLOOKUP(A:A,[1]Sheet1!$A:$C,3,0) -> 19 | H32: =F32-G32 -> 160 | I32: =G32/F32 -> 0.10614525 | K32: =F32*12/100 -> 21.48 | M32: =K32-L32 -> 21.48 | N32: =L32/F32 -> 0 | P32: 0.13333333 | R32: 0.05027933 | S32: 0.027932961 | T32: 0.027932961 | U32: 0 | W32: =VLOOKUP(A:A,'[1]2w & 3w'!$A:$D,4,0) -> 47 | X32: =VLOOKUP(A:A,'[1]2w & 3w'!$A:$C,3,0) -> 1 | Y32: =W32-X32 -> 46 | Z32: =X32/W32 -> 0.021276596 | AB32: =VLOOKUP(A:A,'[1]2w & 3w'!$A:$G,7,0) -> 132 | AC32: =VLOOKUP(A:A,'[1]2w & 3w'!$A:$F,6,0) -> 18 | AD32: =AB32-AC32 -> 114 | AE32: =AC32/AB32 -> 0.13636364
A33: Warangal | C33: 1 | F33: =VLOOKUP(A:A,[1]Sheet1!$A:$D,4,0) -> 142 | G33: =VLOOKUP(A:A,[1]Sheet1!$A:$C,3,0) -> 14 | H33: =F33-G33 -> 128 | I33: =G33/F33 -> 0.098591549 | K33: =F33*12/100 -> 17.04 | M33: =K33-L33 -> 17.04 | N33: =L33/F33 -> 0 | P33: 0.15853659 | R33: 0.049295775 | S33: 0.014084507 | T33: 0.021126761 | U33: 0.014084507 | W33: =VLOOKUP(A:A,'[1]2w & 3w'!$A:$D,4,0) -> 44 | X33: =VLOOKUP(A:A,'[1]2w & 3w'!$A:$C,3,0) -> 2 | Y33: =W33-X33 -> 42 | Z33: =X33/W33 -> 0.045454545 | AB33: =VLOOKUP(A:A,'[1]2w & 3w'!$A:$G,7,0) -> 98 | AC33: =VLOOKUP(A:A,'[1]2w & 3w'!$A:$F,6,0) -> 12 | AD33: =AB33-AC33 -> 86 | AE33: =AC33/AB33 -> 0.12244898
A34: NARENDER | C34: =C35+C39+C44+C50+C54+C61+C66 -> 32 | F34: =F35+F39+F44+F50+F54+F61+F66 -> 3471 | G34: =G35+G39+G44+G50+G54+G61+G66 -> 502 | H34: =H35+H39+H44+H50+H54+H61+H66 -> 2969 | I34: =G34/F34 -> 0.14462691 | K34: =K35+K39+K44+K50+K54+K61+K66 -> 416.52 | L34: =L35+L39+L44+L50+L54+L61+L66 -> 0 | M34: =M35+M39+M44+M50+M54+M61+M66 -> 416.52 | N34: =L34/F34 -> 0 | P34: 0.15698925 | R34: 0.067703832 | S34: 0.026217228 | T34: 0.018150389 | U34: 0.03255546 | W34: =W35+W39+W44+W50+W54+W61+W66 -> 1632 | X34: =X35+X39+X44+X50+X54+X61+X66 -> 176 | Y34: =Y35+Y39+Y44+Y50+Y54+Y61+Y66 -> 1456 | Z34: =X34/W34 -> 0.10784314 | AB34: =AB35+AB39+AB44+AB50+AB54+AB61+AB66 -> 1839 | AC34: =AC35+AC39+AC44+AC50+AC54+AC61+AC66 -> 326 | AD34: =AD35+AD39+AD44+AD50+AD54+AD61+AD66 -> 1513 | AE34: =AC34/AB34 -> 0.17727026
A35: Ashok | C35: =SUM(C36:C38) -> 4 | F35: =SUM(F36:F38) -> 563 | G35: =SUM(G36:G38) -> 62 | H35: =SUM(H36:H38) -> 501 | I35: =G35/F35 -> 0.11012433 | K35: =SUM(K36:K38) -> 67.56 | L35: =SUM(L36:L38) -> 0 | M35: =SUM(M36:M38) -> 67.56 | N35: =L35/F35 -> 0 | P35: 0.14681892 | R35: 0.053285968 | S35: 0.024866785 | T35: 0.01598579 | U35: 0.01598579 | W35: =SUM(W36:W38) -> 462 | X35: =SUM(X36:X38) -> 51 | Y35: =SUM(Y36:Y38) -> 411 | Z35: =X35/W35 -> 0.11038961 | AB35: =SUM(AB36:AB38) -> 101 | AC35: =SUM(AC36:AC38) -> 11 | AD35: =SUM(AD36:AD38) -> 90 | AE35: =AC35/AB35 -> 0.10891089
A36: Banswada | C36: 2 | F36: =VLOOKUP(A:A,[1]Sheet1!$A:$D,4,0) -> 201 | G36: =VLOOKUP(A:A,[1]Sheet1!$A:$C,3,0) -> 30 | H36: =F36-G36 -> 171 | I36: =G36/F36 -> 0.14925373 | K36: =F36*12/100 -> 24.12 | M36: =K36-L36 -> 24.12 | N36: =L36/F36 -> 0 | P36: 0.1509434 | R36: 0.064676617 | S36: 0.034825871 | T36: 0.024875622 | U36: 0.024875622 | W36: =VLOOKUP(A:A,'[1]2w & 3w'!$A:$D,4,0) -> 172 | X36: =VLOOKUP(A:A,'[1]2w & 3w'!$A:$C,3,0) -> 25 | Y36: =W36-X36 -> 147 | Z36: =X36/W36 -> 0.14534884 | AB36: =VLOOKUP(A:A,'[1]2w & 3w'!$A:$G,7,0) -> 29 | AC36: =VLOOKUP(A:A,'[1]2w & 3w'!$A:$F,6,0) -> 5 | AD36: =AB36-AC36 -> 24 | AE36: =AC36/AB36 -> 0.17241379
A37: Bodhan | B37: SE ex Naveen | C37: 1 | F37: =VLOOKUP(A:A,[1]Sheet1!$A:$D,4,0) -> 118 | G37: =VLOOKUP(A:A,[1]Sheet1!$A:$C,3,0) -> 14 | H37: =F37-G37 -> 104 | I37: =G37/F37 -> 0.11864407 | K37: =F37*12/100 -> 14.16 | M37: =K37-L37 -> 14.16 | N37: =L37/F37 -> 0 | P37: 0.15384615 | R37: 0.050847458 | S37: 0.042372881 | T37: 0.0084745763 | U37: 0.016949153 | W37: =VLOOKUP(A:A,'[1]2w & 3w'!$A:$D,4,0) -> 94 | X37: =VLOOKUP(A:A,'[1]2w & 3w'!$A:$C,3,0) -> 11 | Y37: =W37-X37 -> 83 | Z37: =X37/W37 -> 0.11702128 | AB37: =VLOOKUP(A:A,'[1]2w & 3w'!$A:$G,7,0) -> 24 | AC37: =VLOOKUP(A:A,'[1]2w & 3w'!$A:$F,6,0) -> 3 | AD37: =AB37-AC37 -> 21 | AE37: =AC37/AB37 -> 0.125
A38: Nizamabad | C38: 1 | F38: =VLOOKUP(A:A,[1]Sheet1!$A:$D,4,0) -> 244 | G38: =VLOOKUP(A:A,[1]Sheet1!$A:$C,3,0) -> 18 | H38: =F38-G38 -> 226 | I38: =G38/F38 -> 0.073770492 | K38: =F38*12/100 -> 29.28 | M38: =K38-L38 -> 29.28 | N38: =L38/F38 -> 0 | P38: 0.13793103 | R38: 0.045081967 | S38: 0.0081967213 | T38: 0.012295082 | U38: 0.0081967213 | W38: =VLOOKUP(A:A,'[1]2w & 3w'!$A:$D,4,0) -> 196 | X38: =VLOOKUP(A:A,'[1]2w & 3w'!$A:$C,3,0) -> 15 | Y38: =W38-X38 -> 181 | Z38: =X38/W38 -> 0.076530612 | AB38: =VLOOKUP(A:A,'[1]2w & 3w'!$A:$G,7,0) -> 48 | AC38: =VLOOKUP(A:A,'[1]2w & 3w'!$A:$F,6,0) -> 3 | AD38: =AB38-AC38 -> 45 | AE38: =AC38/AB38 -> 0.0625
A39: Vijay - Kamareddy | C39: =SUM(C40:C43) -> 3 | F39: =SUM(F40:F43) -> 485 | G39: =SUM(G40:G43) -> 67 | H39: =SUM(H40:H43) -> 418 | I39: =G39/F39 -> 0.13814433 | K39: =SUM(K40:K43) -> 58.2 | L39: =SUM(L40:L43) -> 0 | M39: =SUM(M40:M43) -> 58.2 | N39: =L39/F39 -> 0 | P39: 0.15135135 | R39: 0.059793814 | S39: 0.026804124 | T39: 0.012371134 | U39: 0.039175258 | W39: =SUM(W40:W43) -> 280 | X39: =SUM(X40:X43) -> 39 | Y39: =SUM(Y40:Y43) -> 241 | Z39: =X39/W39 -> 0.13928571 | AB39: =SUM(AB40:AB43) -> 205 | AC39: =SUM(AC40:AC43) -> 28 | AD39: =SUM(AD40:AD43) -> 177 | AE39: =AC39/AB39 -> 0.13658537
A40: Armoor (2W) | F40: =VLOOKUP(A:A,[1]Sheet1!$A:$D,4,0) -> 6 | G40: =VLOOKUP(A:A,[1]Sheet1!$A:$C,3,0) -> 0 | H40: =F40-G40 -> 6 | I40: =G40/F40 -> 0 | K40: =F40*12/100 -> 0.72 | M40: =K40-L40 -> 0.72 | N40: =L40/F40 -> 0 | P40: 0 | R40: 0 | S40: 0 | T40: 0 | U40: 0 | W40: =VLOOKUP(A:A,'[1]2w & 3w'!$A:$D,4,0) -> 5 | X40: =VLOOKUP(A:A,'[1]2w & 3w'!$A:$C,3,0) -> 0 | Y40: =W40-X40 -> 5 | Z40: =X40/W40 -> 0 | AB40: =VLOOKUP(A:A,'[1]2w & 3w'!$A:$G,7,0) -> 1 | AC40: =VLOOKUP(A:A,'[1]2w & 3w'!$A:$F,6,0) -> 0 | AD40: =AB40-AC40 -> 1 | AE40: =AC40/AB40 -> 0
A41: Gandhari | D41: 1N | F41: =VLOOKUP(A:A,[1]Sheet1!$A:$D,4,0) -> 104 | G41: =VLOOKUP(A:A,[1]Sheet1!$A:$C,3,0) -> 18 | H41: =F41-G41 -> 86 | I41: =G41/F41 -> 0.17307692 | K41: =F41*12/100 -> 12.48 | M41: =K41-L41 -> 12.48 | N41: =L41/F41 -> 0 | P41: 0.16666667 | R41: 0.048076923 | S41: 0.019230769 | T41: 0.0096153846 | U41: 0.096153846 | W41: =VLOOKUP(A:A,'[1]2w & 3w'!$A:$D,4,0) -> 102 | X41: =VLOOKUP(A:A,'[1]2w & 3w'!$A:$C,3,0) -> 17 | Y41: =W41-X41 -> 85 | Z41: =X41/W41 -> 0.16666667 | AB41: =VLOOKUP(A:A,'[1]2w & 3w'!$A:$G,7,0) -> 2 | AC41: =VLOOKUP(A:A,'[1]2w & 3w'!$A:$F,6,0) -> 1 | AD41: =AB41-AC41 -> 1 | AE41: =AC41/AB41 -> 0.5
A42: Kamareddy | C42: 1 | F42: =VLOOKUP(A:A,[1]Sheet1!$A:$D,4,0) -> 107 | G42: =VLOOKUP(A:A,[1]Sheet1!$A:$C,3,0) -> 15 | H42: =F42-G42 -> 92 | I42: =G42/F42 -> 0.14018692 | K42: =F42*12/100 -> 12.84 | M42: =K42-L42 -> 12.84 | N42: =L42/F42 -> 0 | P42: 0.10294118 | R42: 0.065420561 | S42: 0.046728972 | T42: 0.0093457944 | U42: 0.018691589 | W42: =VLOOKUP(A:A,'[1]2w & 3w'!$A:$D,4,0) -> 96 | X42: =VLOOKUP(A:A,'[1]2w & 3w'!$A:$C,3,0) -> 15 | Y42: =W42-X42 -> 81 | Z42: =X42/W42 -> 0.15625 | AB42: =VLOOKUP(A:A,'[1]2w & 3w'!$A:$G,7,0) -> 11 | AC42: =VLOOKUP(A:A,'[1]2w & 3w'!$A:$F,6,0) -> 0 | AD42: =AB42-AC42 -> 11 | AE42: =AC42/AB42 -> 0
A43: Toopran | C43: 2 | F43: =VLOOKUP(A:A,[1]Sheet1!$A:$D,4,0) -> 268 | G43: =VLOOKUP(A:A,[1]Sheet1!$A:$C,3,0) -> 34 | H43: =F43-G43 -> 234 | I43: =G43/F43 -> 0.12686567 | K43: =F43*12/100 -> 32.16 | M43: =K43-L43 -> 32.16 | N43: =L43/F43 -> 0 | P43: 0.17164179 | R43: 0.063432836 | S43: 0.02238806 | T43: 0.014925373 | U43: 0.026119403 | W43: =VLOOKUP(A:A,'[1]2w & 3w'!$A:$D,4,0) -> 77 | X43: =VLOOKUP(A:A,'[1]2w & 3w'!$A:$C,3,0) -> 7 | Y43: =W43-X43 -> 70 | Z43: =X43/W43 -> 0.090909091 | AB43: =VLOOKUP(A:A,'[1]2w & 3w'!$A:$G,7,0) -> 191 | AC43: =VLOOKUP(A:A,'[1]2w & 3w'!$A:$F,6,0) -> 27 | AD43: =AB43-AC43 -> 164 | AE43: =AC43/AB43 -> 0.14136126
A44: Veeranna | C44: =SUM(C45:C49) -> 6 | F44: =SUM(F45:F49) -> 656 | G44: =SUM(G45:G49) -> 116 | H44: =SUM(H45:H49) -> 540 | I44: =G44/F44 -> 0.17682927 | K44: =SUM(K45:K49) -> 78.72 | L44: =SUM(L45:L49) -> 0 | M44: =SUM(M45:M49) -> 78.72 | N44: =L44/F44 -> 0 | P44: 0.1804878 | R44: 0.083841463 | S44: 0.030487805 | T44: 0.022865854 | U44: 0.039634146 | W44: =SUM(W45:W49) -> 85 | X44: =SUM(X45:X49) -> 4 | Y44: =SUM(Y45:Y49) -> 81 | Z44: =X44/W44 -> 0.047058824 | AB44: =SUM(AB45:AB49) -> 571 | AC44: =SUM(AC45:AC49) -> 112 | AD44: =SUM(AD45:AD49) -> 459 | AE44: =AC44/AB44 -> 0.19614711
A45: Khammam (2W) | C45: 2 | F45: =VLOOKUP(A:A,[1]Sheet1!$A:$D,4,0) -> 192 | G45: =VLOOKUP(A:A,[1]Sheet1!$A:$C,3,0) -> 36 | H45: =F45-G45 -> 156 | I45: =G45/F45 -> 0.1875 | K45: =F45*12/100 -> 23.04 | M45: =K45-L45 -> 23.04 | N45: =L45/F45 -> 0 | P45: 0.14583333 | R45: 0.078125 | S45: 0.020833333 | T45: 0.041666667 | U45: 0.046875 | W45: =VLOOKUP(A:A,'[1]2w & 3w'!$A:$D,4,0) -> 19 | X45: =VLOOKUP(A:A,'[1]2w & 3w'!$A:$C,3,0) -> 0 | Y45: =W45-X45 -> 19 | Z45: =X45/W45 -> 0 | AB45: =VLOOKUP(A:A,'[1]2w & 3w'!$A:$G,7,0) -> 173 | AC45: =VLOOKUP(A:A,'[1]2w & 3w'!$A:$F,6,0) -> 36 | AD45: =AB45-AC45 -> 137 | AE45: =AC45/AB45 -> 0.20809249
A46: Khammam | C46: 1 | F46: =VLOOKUP(A:A,[1]Sheet1!$A:$D,4,0) -> 99 | G46: =VLOOKUP(A:A,[1]Sheet1!$A:$C,3,0) -> 17 | H46: =F46-G46 -> 82 | I46: =G46/F46 -> 0.17171717 | K46: =F46*12/100 -> 11.88 | M46: =K46-L46 -> 11.88 | N46: =L46/F46 -> 0 | P46: 0.19879518 | R46: 0.11111111 | S46: 0.02020202 | T46: 0.01010101 | U46: 0.03030303 | W46: =VLOOKUP(A:A,'[1]2w & 3w'!$A:$D,4,0) -> 1 | X46: =VLOOKUP(A:A,'[1]2w & 3w'!$A:$C,3,0) -> 0 | Y46: =W46-X46 -> 1 | Z46: =X46/W46 -> 0 | AB46: =VLOOKUP(A:A,'[1]2w & 3w'!$A:$G,7,0) -> 98 | AC46: =VLOOKUP(A:A,'[1]2w & 3w'!$A:$F,6,0) -> 17 | AD46: =AB46-AC46 -> 81 | AE46: =AC46/AB46 -> 0.17346939
A47: Mahabubabad | C47: 1 | F47: =VLOOKUP(A:A,[1]Sheet1!$A:$D,4,0) -> 144 | G47: =VLOOKUP(A:A,[1]Sheet1!$A:$C,3,0) -> 22 | H47: =F47-G47 -> 122 | I47: =G47/F47 -> 0.15277778 | K47: =F47*12/100 -> 17.28 | M47: =K47-L47 -> 17.28 | N47: =L47/F47 -> 0 | P47: 0.21666667 | R47: 0.083333333 | S47: 0.027777778 | T47: 0.0069444444 | U47: 0.034722222 | W47: =VLOOKUP(A:A,'[1]2w & 3w'!$A:$D,4,0) -> 22 | X47: =VLOOKUP(A:A,'[1]2w & 3w'!$A:$C,3,0) -> 0 | Y47: =W47-X47 -> 22 | Z47: =X47/W47 -> 0 | AB47: =VLOOKUP(A:A,'[1]2w & 3w'!$A:$G,7,0) -> 122 | AC47: =VLOOKUP(A:A,'[1]2w & 3w'!$A:$F,6,0) -> 22 | AD47: =AB47-AC47 -> 100 | AE47: =AC47/AB47 -> 0.18032787
A48: Suryapet | C48: 1 | F48: =VLOOKUP(A:A,[1]Sheet1!$A:$D,4,0) -> 124 | G48: =VLOOKUP(A:A,[1]Sheet1!$A:$C,3,0) -> 23 | H48: =F48-G48 -> 101 | I48: =G48/F48 -> 0.18548387 | K48: =F48*12/100 -> 14.88 | M48: =K48-L48 -> 14.88 | N48: =L48/F48 -> 0 | P48: 0.13513514 | R48: 0.080645161 | S48: 0.040322581 | T48: 0.016129032 | U48: 0.048387097 | W48: =VLOOKUP(A:A,'[1]2w & 3w'!$A:$D,4,0) -> 32 | X48: =VLOOKUP(A:A,'[1]2w & 3w'!$A:$C,3,0) -> 3 | Y48: =W48-X48 -> 29 | Z48: =X48/W48 -> 0.09375 | AB48: =VLOOKUP(A:A,'[1]2w & 3w'!$A:$G,7,0) -> 92 | AC48: =VLOOKUP(A:A,'[1]2w & 3w'!$A:$F,6,0) -> 20 | AD48: =AB48-AC48 -> 72 | AE48: =AC48/AB48 -> 0.2173913
A49: Sathupalli | C49: 1 | F49: =VLOOKUP(A:A,[1]Sheet1!$A:$D,4,0) -> 97 | G49: =VLOOKUP(A:A,[1]Sheet1!$A:$C,3,0) -> 18 | H49: =F49-G49 -> 79 | I49: =G49/F49 -> 0.18556701 | K49: =F49*12/100 -> 11.64 | M49: =K49-L49 -> 11.64 | N49: =L49/F49 -> 0 | P49: 0.21621622 | R49: 0.072164948 | S49: 0.051546392 | T49: 0.030927835 | U49: 0.030927835 | W49: =VLOOKUP(A:A,'[1]2w & 3w'!$A:$D,4,0) -> 11 | X49: =VLOOKUP(A:A,'[1]2w & 3w'!$A:$C,3,0) -> 1 | Y49: =W49-X49 -> 10 | Z49: =X49/W49 -> 0.090909091 | AB49: =VLOOKUP(A:A,'[1]2w & 3w'!$A:$G,7,0) -> 86 | AC49: =VLOOKUP(A:A,'[1]2w & 3w'!$A:$F,6,0) -> 17 | AD49: =AB49-AC49 -> 69 | AE49: =AC49/AB49 -> 0.19767442
A50: Gnanamuthyam | C50: =SUM(C51:C53) -> 4 | F50: =SUM(F51:F53) -> 404 | G50: =SUM(G51:G53) -> 63 | H50: =SUM(H51:H53) -> 341 | I50: =G50/F50 -> 0.15594059 | K50: =SUM(K51:K53) -> 48.48 | L50: =SUM(L51:L53) -> 0 | M50: =SUM(M51:M53) -> 48.48 | N50: =L50/F50 -> 0 | P50: 0.16136919 | R50: 0.091584158 | S50: 0.022277228 | T50: 0.0099009901 | U50: 0.032178218 | W50: =SUM(W51:W53) -> 52 | X50: =SUM(X51:X53) -> 3 | Y50: =SUM(Y51:Y53) -> 49 | Z50: =X50/W50 -> 0.057692308 | AB50: =SUM(AB51:AB53) -> 352 | AC50: =SUM(AC51:AC53) -> 60 | AD50: =SUM(AD51:AD53) -> 292 | AE50: =AC50/AB50 -> 0.17045455
A51: Kothagudem (2W) | C51: 1 | F51: =VLOOKUP(A:A,[1]Sheet1!$A:$D,4,0) -> 99 | G51: =VLOOKUP(A:A,[1]Sheet1!$A:$C,3,0) -> 17 | H51: =F51-G51 -> 82 | I51: =G51/F51 -> 0.17171717 | K51: =F51*12/100 -> 11.88 | M51: =K51-L51 -> 11.88 | N51: =L51/F51 -> 0 | P51: 0.12745098 | R51: 0.1010101 | S51: 0.03030303 | T51: 0.01010101 | U51: 0.03030303 | W51: =VLOOKUP(A:A,'[1]2w & 3w'!$A:$D,4,0) -> 15 | X51: =VLOOKUP(A:A,'[1]2w & 3w'!$A:$C,3,0) -> 2 | Y51: =W51-X51 -> 13 | Z51: =X51/W51 -> 0.13333333 | AB51: =VLOOKUP(A:A,'[1]2w & 3w'!$A:$G,7,0) -> 84 | AC51: =VLOOKUP(A:A,'[1]2w & 3w'!$A:$F,6,0) -> 15 | AD51: =AB51-AC51 -> 69 | AE51: =AC51/AB51 -> 0.17857143
A52: Kothagudem (Auto) | C52: 1 | F52: =VLOOKUP(A:A,[1]Sheet1!$A:$D,4,0) -> 100 | G52: =VLOOKUP(A:A,[1]Sheet1!$A:$C,3,0) -> 15 | H52: =F52-G52 -> 85 | I52: =G52/F52 -> 0.15 | K52: =F52*12/100 -> 12 | M52: =K52-L52 -> 12 | N52: =L52/F52 -> 0 | P52: 0.211 | R52: 0.1 | S52: 0.03 | T52: 0.02 | U52: 0 | W52: =VLOOKUP(A:A,'[1]2w & 3w'!$A:$D,4,0) -> 2 | X52: =VLOOKUP(A:A,'[1]2w & 3w'!$A:$C,3,0) -> 1 | Y52: =W52-X52 -> 1 | Z52: =X52/W52 -> 0.5 | AB52: =VLOOKUP(A:A,'[1]2w & 3w'!$A:$G,7,0) -> 98 | AC52: =VLOOKUP(A:A,'[1]2w & 3w'!$A:$F,6,0) -> 14 | AD52: =AB52-AC52 -> 84 | AE52: =AC52/AB52 -> 0.14285714
A53: Paloncha (2W) | C53: 2 | F53: =VLOOKUP(A:A,[1]Sheet1!$A:$D,4,0) -> 205 | G53: =VLOOKUP(A:A,[1]Sheet1!$A:$C,3,0) -> 31 | H53: =F53-G53 -> 174 | I53: =G53/F53 -> 0.15121951 | K53: =F53*12/100 -> 24.6 | M53: =K53-L53 -> 24.6 | N53: =L53/F53 -> 0 | P53: 0.145 | R53: 0.082926829 | S53: 0.014634146 | T53: 0.0048780488 | U53: 0.048780488 | W53: =VLOOKUP(A:A,'[1]2w & 3w'!$A:$D,4,0) -> 35 | X53: =VLOOKUP(A:A,'[1]2w & 3w'!$A:$C,3,0) -> 0 | Y53: =W53-X53 -> 35 | Z53: =X53/W53 -> 0 | AB53: =VLOOKUP(A:A,'[1]2w & 3w'!$A:$G,7,0) -> 170 | AC53: =VLOOKUP(A:A,'[1]2w & 3w'!$A:$F,6,0) -> 31 | AD53: =AB53-AC53 -> 139 | AE53: =AC53/AB53 -> 0.18235294
A54: Anumanna | C54: =SUM(C55:C60) -> 6 | F54: =SUM(F55:F60) -> 582 | G54: =SUM(G55:G60) -> 92 | H54: =SUM(H55:H60) -> 490 | I54: =G54/F54 -> 0.1580756 | K54: =SUM(K55:K60) -> 69.84 | L54: =SUM(L55:L60) -> 0 | M54: =SUM(M55:M60) -> 69.84 | N54: =L54/F54 -> 0 | P54: 0.17170111 | R54: 0.067010309 | S54: 0.029209622 | T54: 0.024054983 | U54: 0.037800687 | W54: =SUM(W55:W60) -> 277 | X54: =SUM(X55:X60) -> 29 | Y54: =SUM(Y55:Y60) -> 248 | Z54: =X54/W54 -> 0.10469314 | AB54: =SUM(AB55:AB60) -> 305 | AC54: =SUM(AC55:AC60) -> 63 | AD54: =SUM(AD55:AD60) -> 242 | AE54: =AC54/AB54 -> 0.20655738
A55: Kodumur | C55: 1 | F55: =VLOOKUP(A:A,[1]Sheet1!$A:$D,4,0) -> 83 | G55: =VLOOKUP(A:A,[1]Sheet1!$A:$C,3,0) -> 16 | H55: =F55-G55 -> 67 | I55: =G55/F55 -> 0.19277108 | K55: =F55*12/100 -> 9.96 | M55: =K55-L55 -> 9.96 | N55: =L55/F55 -> 0 | P55: 0.175 | R55: 0.072289157 | S55: 0.048192771 | T55: 0.024096386 | U55: 0.048192771 | W55: =VLOOKUP(A:A,'[1]2w & 3w'!$A:$D,4,0) -> 70 | X55: =VLOOKUP(A:A,'[1]2w & 3w'!$A:$C,3,0) -> 13 | Y55: =W55-X55 -> 57 | Z55: =X55/W55 -> 0.18571429 | AB55: =VLOOKUP(A:A,'[1]2w & 3w'!$A:$G,7,0) -> 13 | AC55: =VLOOKUP(A:A,'[1]2w & 3w'!$A:$F,6,0) -> 3 | AD55: =AB55-AC55 -> 10 | AE55: =AC55/AB55 -> 0.23076923
A56: Kosigi | C56: 1 | F56: =VLOOKUP(A:A,[1]Sheet1!$A:$D,4,0) -> 114 | G56: =VLOOKUP(A:A,[1]Sheet1!$A:$C,3,0) -> 10 | H56: =F56-G56 -> 104 | I56: =G56/F56 -> 0.087719298 | K56: =F56*12/100 -> 13.68 | M56: =K56-L56 -> 13.68 | N56: =L56/F56 -> 0 | P56: 0.17241379 | R56: 0.035087719 | S56: 0.0087719298 | T56: 0.01754386 | U56: 0.026315789 | W56: =VLOOKUP(A:A,'[1]2w & 3w'!$A:$D,4,0) -> 108 | X56: =VLOOKUP(A:A,'[1]2w & 3w'!$A:$C,3,0) -> 9 | Y56: =W56-X56 -> 99 | Z56: =X56/W56 -> 0.083333333 | AB56: =VLOOKUP(A:A,'[1]2w & 3w'!$A:$G,7,0) -> 6 | AC56: =VLOOKUP(A:A,'[1]2w & 3w'!$A:$F,6,0) -> 1 | AD56: =AB56-AC56 -> 5 | AE56: =AC56/AB56 -> 0.16666667
A57: Kurnool (2W) | C57: 1 | F57: =VLOOKUP(A:A,[1]Sheet1!$A:$D,4,0) -> 111 | G57: =VLOOKUP(A:A,[1]Sheet1!$A:$C,3,0) -> 19 | H57: =F57-G57 -> 92 | I57: =G57/F57 -> 0.17117117 | K57: =F57*12/100 -> 13.32 | M57: =K57-L57 -> 13.32 | N57: =L57/F57 -> 0 | P57: 0.147 | R57: 0.09009009 | S57: 0.045045045 | T57: 0.009009009 | U57: 0.027027027 | W57: =VLOOKUP(A:A,'[1]2w & 3w'!$A:$D,4,0) -> 36 | X57: =VLOOKUP(A:A,'[1]2w & 3w'!$A:$C,3,0) -> 3 | Y57: =W57-X57 -> 33 | Z57: =X57/W57 -> 0.083333333 | AB57: =VLOOKUP(A:A,'[1]2w & 3w'!$A:$G,7,0) -> 75 | AC57: =VLOOKUP(A:A,'[1]2w & 3w'!$A:$F,6,0) -> 16 | AD57: =AB57-AC57 -> 59 | AE57: =AC57/AB57 -> 0.21333333
A58: Kurnool (Auto) | C58: 1 | F58: =VLOOKUP(A:A,[1]Sheet1!$A:$D,4,0) -> 115 | G58: =VLOOKUP(A:A,[1]Sheet1!$A:$C,3,0) -> 18 | H58: =F58-G58 -> 97 | I58: =G58/F58 -> 0.15652174 | K58: =F58*12/100 -> 13.8 | M58: =K58-L58 -> 13.8 | N58: =L58/F58 -> 0 | P58: 0.21348315 | R58: 0.060869565 | S58: 0.026086957 | T58: 0.043478261 | U58: 0.026086957 | W58: =VLOOKUP(A:A,'[1]2w & 3w'!$A:$D,4,0) -> 16 | X58: =VLOOKUP(A:A,'[1]2w & 3w'!$A:$C,3,0) -> 0 | Y58: =W58-X58 -> 16 | Z58: =X58/W58 -> 0 | AB58: =VLOOKUP(A:A,'[1]2w & 3w'!$A:$G,7,0) -> 99 | AC58: =VLOOKUP(A:A,'[1]2w & 3w'!$A:$F,6,0) -> 18 | AD58: =AB58-AC58 -> 81 | AE58: =AC58/AB58 -> 0.18181818
A59: Nandyal | C59: 1 | F59: =VLOOKUP(A:A,[1]Sheet1!$A:$D,4,0) -> 89 | G59: =VLOOKUP(A:A,[1]Sheet1!$A:$C,3,0) -> 17 | H59: =F59-G59 -> 72 | I59: =G59/F59 -> 0.19101124 | K59: =F59*12/100 -> 10.68 | M59: =K59-L59 -> 10.68 | N59: =L59/F59 -> 0 | P59: 0.115 | R59: 0.056179775 | S59: 0.02247191 | T59: 0.04494382 | U59: 0.06741573 | W59: =VLOOKUP(A:A,'[1]2w & 3w'!$A:$D,4,0) -> 15 | X59: =VLOOKUP(A:A,'[1]2w & 3w'!$A:$C,3,0) -> 0 | Y59: =W59-X59 -> 15 | Z59: =X59/W59 -> 0 | AB59: =VLOOKUP(A:A,'[1]2w & 3w'!$A:$G,7,0) -> 74 | AC59: =VLOOKUP(A:A,'[1]2w & 3w'!$A:$F,6,0) -> 17 | AD59: =AB59-AC59 -> 57 | AE59: =AC59/AB59 -> 0.22972973
A60: Yemmiganur | C60: 1 | F60: =VLOOKUP(A:A,[1]Sheet1!$A:$D,4,0) -> 70 | G60: =VLOOKUP(A:A,[1]Sheet1!$A:$C,3,0) -> 12 | H60: =F60-G60 -> 58 | I60: =G60/F60 -> 0.17142857 | K60: =F60*12/100 -> 8.4 | M60: =K60-L60 -> 8.4 | N60: =L60/F60 -> 0 | P60: 0.055 | R60: 0.1 | S60: 0.028571429 | T60: 0 | U60: 0.042857143 | W60: =VLOOKUP(A:A,'[1]2w & 3w'!$A:$D,4,0) -> 32 | X60: =VLOOKUP(A:A,'[1]2w & 3w'!$A:$C,3,0) -> 4 | Y60: =W60-X60 -> 28 | Z60: =X60/W60 -> 0.125 | AB60: =VLOOKUP(A:A,'[1]2w & 3w'!$A:$G,7,0) -> 38 | AC60: =VLOOKUP(A:A,'[1]2w & 3w'!$A:$F,6,0) -> 8 | AD60: =AB60-AC60 -> 30 | AE60: =AC60/AB60 -> 0.21052632
A61: Kulayapeera | C61: =SUM(C62:C65) -> 6 | F61: =SUM(F62:F65) -> 520 | G61: =SUM(G62:G65) -> 66 | H61: =SUM(H62:H65) -> 454 | I61: =G61/F61 -> 0.12692308 | K61: =SUM(K62:K65) -> 62.4 | L61: =SUM(L62:L65) -> 0 | M61: =SUM(M62:M65) -> 62.4 | N61: =L61/F61 -> 0 | P61: 0.14802065 | R61: 0.061538462 | S61: 0.026923077 | T61: 0.0096153846 | U61: 0.028846154 | W61: =SUM(W62:W65) -> 296 | X61: =SUM(X62:X65) -> 26 | Y61: =SUM(Y62:Y65) -> 270 | Z61: =X61/W61 -> 0.087837838 | AB61: =SUM(AB62:AB65) -> 224 | AC61: =SUM(AC62:AC65) -> 40 | AD61: =SUM(AD62:AD65) -> 184 | AE61: =AC61/AB61 -> 0.17857143
A62: Ananthapur | C62: 2 | F62: =VLOOKUP(A:A,[1]Sheet1!$A:$D,4,0) -> 238 | G62: =VLOOKUP(A:A,[1]Sheet1!$A:$C,3,0) -> 36 | H62: =F62-G62 -> 202 | I62: =G62/F62 -> 0.1512605 | K62: =F62*12/100 -> 28.56 | M62: =K62-L62 -> 28.56 | N62: =L62/F62 -> 0 | P62: 0.1875 | R62: 0.071428571 | S62: 0.029411765 | T62: 0.016806723 | U62: 0.033613445 | W62: =VLOOKUP(A:A,'[1]2w & 3w'!$A:$D,4,0) -> 54 | X62: =VLOOKUP(A:A,'[1]2w & 3w'!$A:$C,3,0) -> 2 | Y62: =W62-X62 -> 52 | Z62: =X62/W62 -> 0.037037037 | AB62: =VLOOKUP(A:A,'[1]2w & 3w'!$A:$G,7,0) -> 184 | AC62: =VLOOKUP(A:A,'[1]2w & 3w'!$A:$F,6,0) -> 34 | AD62: =AB62-AC62 -> 150 | AE62: =AC62/AB62 -> 0.18478261
A63: Gorantla | C63: 2 | F63: =VLOOKUP(A:A,[1]Sheet1!$A:$D,4,0) -> 164 | G63: =VLOOKUP(A:A,[1]Sheet1!$A:$C,3,0) -> 15 | H63: =F63-G63 -> 149 | I63: =G63/F63 -> 0.091463415 | K63: =F63*12/100 -> 19.68 | M63: =K63-L63 -> 19.68 | N63: =L63/F63 -> 0 | P63: 0.070707071 | R63: 0.048780488 | S63: 0.006097561 | T63: 0.006097561 | U63: 0.030487805 | W63: =VLOOKUP(A:A,'[1]2w & 3w'!$A:$D,4,0) -> 150 | X63: =VLOOKUP(A:A,'[1]2w & 3w'!$A:$C,3,0) -> 15 | Y63: =W63-X63 -> 135 | Z63: =X63/W63 -> 0.1 | AB63: =VLOOKUP(A:A,'[1]2w & 3w'!$A:$G,7,0) -> 14 | AC63: =VLOOKUP(A:A,'[1]2w & 3w'!$A:$F,6,0) -> 0 | AD63: =AB63-AC63 -> 14 | AE63: =AC63/AB63 -> 0
A64: Guntakal | C64: 1 | D64: Sales /Coll | F64: =VLOOKUP(A:A,[1]Sheet1!$A:$D,4,0) -> 47 | G64: =VLOOKUP(A:A,[1]Sheet1!$A:$C,3,0) -> 6 | H64: =F64-G64 -> 41 | I64: =G64/F64 -> 0.12765957 | K64: =F64*12/100 -> 5.64 | M64: =K64-L64 -> 5.64 | N64: =L64/F64 -> 0 | P64: 0.17857143 | R64: 0.085106383 | S64: 0.021276596 | T64: 0 | U64: 0.021276596 | W64: =VLOOKUP(A:A,'[1]2w & 3w'!$A:$D,4,0) -> 23 | X64: =VLOOKUP(A:A,'[1]2w & 3w'!$A:$C,3,0) -> 0 | Y64: =W64-X64 -> 23 | Z64: =X64/W64 -> 0 | AB64: =VLOOKUP(A:A,'[1]2w & 3w'!$A:$G,7,0) -> 24 | AC64: =VLOOKUP(A:A,'[1]2w & 3w'!$A:$F,6,0) -> 6 | AD64: =AB64-AC64 -> 18 | AE64: =AC64/AB64 -> 0.25
A65: Uravakonda | C65: 1 | F65: =VLOOKUP(A:A,[1]Sheet1!$A:$D,4,0) -> 71 | G65: =VLOOKUP(A:A,[1]Sheet1!$A:$C,3,0) -> 9 | H65: =F65-G65 -> 62 | I65: =G65/F65 -> 0.12676056 | K65: =F65*12/100 -> 8.52 | M65: =K65-L65 -> 8.52 | N65: =L65/F65 -> 0 | P65: 0.1971831 | R65: 0.042253521 | S65: 0.070422535 | T65: 0 | U65: 0.014084507 | W65: =VLOOKUP(A:A,'[1]2w & 3w'!$A:$D,4,0) -> 69 | X65: =VLOOKUP(A:A,'[1]2w & 3w'!$A:$C,3,0) -> 9 | Y65: =W65-X65 -> 60 | Z65: =X65/W65 -> 0.13043478 | AB65: =VLOOKUP(A:A,'[1]2w & 3w'!$A:$G,7,0) -> 2 | AC65: =VLOOKUP(A:A,'[1]2w & 3w'!$A:$F,6,0) -> 0 | AD65: =AB65-AC65 -> 2 | AE65: =AC65/AB65 -> 0
A66: Hindupur_Direct | C66: =C67 -> 3 | F66: =F67 -> 261 | G66: =G67 -> 36 | H66: =H67 -> 225 | I66: =G66/F66 -> 0.13793103 | K66: =K67 -> 31.32 | L66: =L67 -> 0 | M66: =M67 -> 31.32 | N66: =L66/F66 -> 0 | P66: 0.12264151 | R66: 0.049808429 | S66: 0.01532567 | T66: 0.038314176 | U66: 0.034482759 | W66: =W67 -> 180 | X66: =X67 -> 24 | Y66: =Y67 -> 156 | Z66: =X66/W66 -> 0.13333333 | AB66: =AB67 -> 81 | AC66: =AC67 -> 12 | AD66: =AD67 -> 69 | AE66: =AC66/AB66 -> 0.14814815
A67: Hindupuar (2W) | B67: SE ex Ram | C67: 3 | F67: =VLOOKUP(A:A,[1]Sheet1!$A:$D,4,0) -> 261 | G67: =VLOOKUP(A:A,[1]Sheet1!$A:$C,3,0) -> 36 | H67: =F67-G67 -> 225 | I67: =G67/F67 -> 0.13793103 | K67: =F67*12/100 -> 31.32 | M67: =K67-L67 -> 31.32 | N67: =L67/F67 -> 0 | P67: 0.12264151 | R67: 0.049808429 | S67: 0.01532567 | T67: 0.038314176 | U67: 0.034482759 | W67: =VLOOKUP(A:A,'[1]2w & 3w'!$A:$D,4,0) -> 180 | X67: =VLOOKUP(A:A,'[1]2w & 3w'!$A:$C,3,0) -> 24 | Y67: =W67-X67 -> 156 | Z67: =X67/W67 -> 0.13333333 | AB67: =VLOOKUP(A:A,'[1]2w & 3w'!$A:$G,7,0) -> 81 | AC67: =VLOOKUP(A:A,'[1]2w & 3w'!$A:$F,6,0) -> 12 | AD67: =AB67-AC67 -> 69 | AE67: =AC67/AB67 -> 0.14814815
A68: Priyanka | C68: =C69+C75 -> 8 | F68: =F69+F75 -> 979 | G68: =G69+G75 -> 72 | H68: =H69+H75 -> 907 | I68: =G68/F68 -> 0.073544433 | K68: =K69+K75 -> 117.48 | L68: =L69+L75 -> 0 | M68: =M69+M75 -> 117.48 | N68: =L68/F68 -> 0 | P68: 0.10175695 | R68: 0.04392237 | S68: 0.019407559 | T68: 0.0061287028 | U68: 0.0040858018 | W68: =W69+W75 -> 870 | X68: =X69+X75 -> 54 | Y68: =Y69+Y75 -> 816 | Z68: =X68/W68 -> 0.062068966 | AB68: =AB69+AB75 -> 109 | AC68: =AC69+AC75 -> 18 | AD68: =AD69+AD75 -> 91 | AE68: =AC68/AB68 -> 0.16513761
A69: Siva Prasad | C69: =SUM(C70:C74) -> 4 | F69: =SUM(F70:F74) -> 544 | G69: =SUM(G70:G74) -> 38 | H69: =SUM(H70:H74) -> 506 | I69: =G69/F69 -> 0.069852941 | K69: =SUM(K70:K74) -> 65.28 | L69: =SUM(L70:L74) -> 0 | M69: =SUM(M70:M74) -> 65.28 | N69: =L69/F69 -> 0 | P69: 0.086872587 | R69: 0.045955882 | S69: 0.014705882 | T69: 0.0036764706 | U69: 0.0055147059 | W69: =SUM(W70:W74) -> 496 | X69: =SUM(X70:X74) -> 29 | Y69: =SUM(Y70:Y74) -> 467 | Z69: =X69/W69 -> 0.058467742 | AB69: =SUM(AB70:AB74) -> 48 | AC69: =SUM(AC70:AC74) -> 9 | AD69: =SUM(AD70:AD74) -> 39 | AE69: =AC69/AB69 -> 0.1875
A70: Kadapa | C70: 2 | F70: =VLOOKUP(A:A,[1]Sheet1!$A:$D,4,0) -> 148 | G70: =VLOOKUP(A:A,[1]Sheet1!$A:$C,3,0) -> 11 | H70: =F70-G70 -> 137 | I70: =G70/F70 -> 0.074324324 | K70: =F70*12/100 -> 17.76 | M70: =K70-L70 -> 17.76 | N70: =L70/F70 -> 0 | P70: 0.068965517 | R70: 0.060810811 | S70: 0.013513514 | T70: 0 | U70: 0 | W70: =VLOOKUP(A:A,'[1]2w & 3w'!$A:$D,4,0) -> 122 | X70: =VLOOKUP(A:A,'[1]2w & 3w'!$A:$C,3,0) -> 6 | Y70: =W70-X70 -> 116 | Z70: =X70/W70 -> 0.049180328 | AB70: =VLOOKUP(A:A,'[1]2w & 3w'!$A:$G,7,0) -> 26 | AC70: =VLOOKUP(A:A,'[1]2w & 3w'!$A:$F,6,0) -> 5 | AD70: =AB70-AC70 -> 21 | AE70: =AC70/AB70 -> 0.19230769
A71: Badvel | D71: 1N | F71: =VLOOKUP(A:A,[1]Sheet1!$A:$D,4,0) -> 116 | G71: =VLOOKUP(A:A,[1]Sheet1!$A:$C,3,0) -> 18 | H71: =F71-G71 -> 98 | I71: =G71/F71 -> 0.15517241 | K71: =F71*12/100 -> 13.92 | M71: =K71-L71 -> 13.92 | N71: =L71/F71 -> 0 | P71: 0.1038961 | R71: 0.077586207 | S71: 0.034482759 | T71: 0.017241379 | U71: 0.025862069 | W71: =VLOOKUP(A:A,'[1]2w & 3w'!$A:$D,4,0) -> 105 | X71: =VLOOKUP(A:A,'[1]2w & 3w'!$A:$C,3,0) -> 16 | Y71: =W71-X71 -> 89 | Z71: =X71/W71 -> 0.15238095 | AB71: =VLOOKUP(A:A,'[1]2w & 3w'!$A:$G,7,0) -> 11 | AC71: =VLOOKUP(A:A,'[1]2w & 3w'!$A:$F,6,0) -> 2 | AD71: =AB71-AC71 -> 9 | AE71: =AC71/AB71 -> 0.18181818
A72: Porumamilla (2W) | D72: 1N | F72: =VLOOKUP(A:A,[1]Sheet1!$A:$D,4,0) -> 79 | G72: =VLOOKUP(A:A,[1]Sheet1!$A:$C,3,0) -> 1 | H72: =F72-G72 -> 78 | I72: =G72/F72 -> 0.012658228 | K72: =F72*12/100 -> 9.48 | M72: =K72-L72 -> 9.48 | N72: =L72/F72 -> 0 | P72: 0.10833333 | R72: 0.012658228 | S72: 0 | T72: 0 | U72: 0 | W72: =VLOOKUP(A:A,'[1]2w & 3w'!$A:$D,4,0) -> 78 | X72: =VLOOKUP(A:A,'[1]2w & 3w'!$A:$C,3,0) -> 1 | Y72: =W72-X72 -> 77 | Z72: =X72/W72 -> 0.012820513 | AB72: =VLOOKUP(A:A,'[1]2w & 3w'!$A:$G,7,0) -> 1 | AC72: =VLOOKUP(A:A,'[1]2w & 3w'!$A:$F,6,0) -> 0 | AD72: =AB72-AC72 -> 1 | AE72: =AC72/AB72 -> 0
A73: Rajampet | C73: 1 | F73: =VLOOKUP(A:A,[1]Sheet1!$A:$D,4,0) -> 79 | G73: =VLOOKUP(A:A,[1]Sheet1!$A:$C,3,0) -> 5 | H73: =F73-G73 -> 74 | I73: =G73/F73 -> 0.063291139 | K73: =F73*12/100 -> 9.48 | M73: =K73-L73 -> 9.48 | N73: =L73/F73 -> 0 | P73: 0.027777778 | R73: 0.037974684 | S73: 0.025316456 | T73: 0 | U73: 0 | W73: =VLOOKUP(A:A,'[1]2w & 3w'!$A:$D,4,0) -> 72 | X73: =VLOOKUP(A:A,'[1]2w & 3w'!$A:$C,3,0) -> 4 | Y73: =W73-X73 -> 68 | Z73: =X73/W73 -> 0.055555556 | AB73: =VLOOKUP(A:A,'[1]2w & 3w'!$A:$G,7,0) -> 7 | AC73: =VLOOKUP(A:A,'[1]2w & 3w'!$A:$F,6,0) -> 1 | AD73: =AB73-AC73 -> 6 | AE73: =AC73/AB73 -> 0.14285714
A74: Vempalli | C74: 1 | F74: =VLOOKUP(A:A,[1]Sheet1!$A:$D,4,0) -> 122 | G74: =VLOOKUP(A:A,[1]Sheet1!$A:$C,3,0) -> 3 | H74: =F74-G74 -> 119 | I74: =G74/F74 -> 0.024590164 | K74: =F74*12/100 -> 14.64 | M74: =K74-L74 -> 14.64 | N74: =L74/F74 -> 0 | P74: 0.12711864 | R74: 0.024590164 | S74: 0 | T74: 0 | U74: 0 | W74: =VLOOKUP(A:A,'[1]2w & 3w'!$A:$D,4,0) -> 119 | X74: =VLOOKUP(A:A,'[1]2w & 3w'!$A:$C,3,0) -> 2 | Y74: =W74-X74 -> 117 | Z74: =X74/W74 -> 0.016806723 | AB74: =VLOOKUP(A:A,'[1]2w & 3w'!$A:$G,7,0) -> 3 | AC74: =VLOOKUP(A:A,'[1]2w & 3w'!$A:$F,6,0) -> 1 | AD74: =AB74-AC74 -> 2 | AE74: =AC74/AB74 -> 0.33333333
A75: Dadapeer | C75: =SUM(C76:C79) -> 4 | F75: =SUM(F76:F79) -> 435 | G75: =SUM(G76:G79) -> 34 | H75: =SUM(H76:H79) -> 401 | I75: =G75/F75 -> 0.07816092 | K75: =SUM(K76:K79) -> 52.2 | L75: =SUM(L76:L79) -> 0 | M75: =SUM(M76:M79) -> 52.2 | N75: =L75/F75 -> 0 | P75: 0.11623246 | R75: 0.04137931 | S75: 0.025287356 | T75: 0.0091954023 | U75: 0.0022988506 | W75: =SUM(W76:W79) -> 374 | X75: =SUM(X76:X79) -> 25 | Y75: =SUM(Y76:Y79) -> 349 | Z75: =X75/W75 -> 0.06684492 | AB75: =SUM(AB76:AB79) -> 61 | AC75: =SUM(AC76:AC79) -> 9 | AD75: =SUM(AD76:AD79) -> 52 | AE75: =AC75/AB75 -> 0.14754098
A76: Kadiri | C76: 2 | F76: =VLOOKUP(A:A,[1]Sheet1!$A:$D,4,0) -> 151 | G76: =VLOOKUP(A:A,[1]Sheet1!$A:$C,3,0) -> 19 | H76: =F76-G76 -> 132 | I76: =G76/F76 -> 0.12582781 | K76: =F76*12/100 -> 18.12 | M76: =K76-L76 -> 18.12 | N76: =L76/F76 -> 0 | P76: 0.10824742 | R76: 0.079470199 | S76: 0.01986755 | T76: 0.01986755 | U76: 0.0066225166 | W76: =VLOOKUP(A:A,'[1]2w & 3w'!$A:$D,4,0) -> 135 | X76: =VLOOKUP(A:A,'[1]2w & 3w'!$A:$C,3,0) -> 17 | Y76: =W76-X76 -> 118 | Z76: =X76/W76 -> 0.12592593 | AB76: =VLOOKUP(A:A,'[1]2w & 3w'!$A:$G,7,0) -> 16 | AC76: =VLOOKUP(A:A,'[1]2w & 3w'!$A:$F,6,0) -> 2 | AD76: =AB76-AC76 -> 14 | AE76: =AC76/AB76 -> 0.125
A77: Jammalamadugu | D77: 1N | F77: =VLOOKUP(A:A,[1]Sheet1!$A:$D,4,0) -> 125 | G77: =VLOOKUP(A:A,[1]Sheet1!$A:$C,3,0) -> 4 | H77: =F77-G77 -> 121 | I77: =G77/F77 -> 0.032 | K77: =F77*12/100 -> 15 | M77: =K77-L77 -> 15 | N77: =L77/F77 -> 0 | P77: 0.1015625 | R77: 0.008 | S77: 0.016 | T77: 0.008 | U77: 0 | W77: =VLOOKUP(A:A,'[1]2w & 3w'!$A:$D,4,0) -> 122 | X77: =VLOOKUP(A:A,'[1]2w & 3w'!$A:$C,3,0) -> 4 | Y77: =W77-X77 -> 118 | Z77: =X77/W77 -> 0.032786885 | AB77: =VLOOKUP(A:A,'[1]2w & 3w'!$A:$G,7,0) -> 3 | AC77: =VLOOKUP(A:A,'[1]2w & 3w'!$A:$F,6,0) -> 0 | AD77: =AB77-AC77 -> 3 | AE77: =AC77/AB77 -> 0
A78: Rayachoty (2W) | C78: 1 | F78: =VLOOKUP(A:A,[1]Sheet1!$A:$D,4,0) -> 79 | G78: =VLOOKUP(A:A,[1]Sheet1!$A:$C,3,0) -> 5 | H78: =F78-G78 -> 74 | I78: =G78/F78 -> 0.063291139 | K78: =F78*12/100 -> 9.48 | M78: =K78-L78 -> 9.48 | N78: =L78/F78 -> 0 | P78: 0.11811024 | R78: 0.025316456 | S78: 0.037974684 | T78: 0 | U78: 0 | W78: =VLOOKUP(A:A,'[1]2w & 3w'!$A:$D,4,0) -> 65 | X78: =VLOOKUP(A:A,'[1]2w & 3w'!$A:$C,3,0) -> 3 | Y78: =W78-X78 -> 62 | Z78: =X78/W78 -> 0.046153846 | AB78: =VLOOKUP(A:A,'[1]2w & 3w'!$A:$G,7,0) -> 14 | AC78: =VLOOKUP(A:A,'[1]2w & 3w'!$A:$F,6,0) -> 2 | AD78: =AB78-AC78 -> 12 | AE78: =AC78/AB78 -> 0.14285714
A79: Proddatur (2W) | C79: 1 | F79: =VLOOKUP(A:A,[1]Sheet1!$A:$D,4,0) -> 80 | G79: =VLOOKUP(A:A,[1]Sheet1!$A:$C,3,0) -> 6 | H79: =F79-G79 -> 74 | I79: =G79/F79 -> 0.075 | K79: =F79*12/100 -> 9.6 | M79: =K79-L79 -> 9.6 | N79: =L79/F79 -> 0 | P79: 0.099009901 | R79: 0.0375 | S79: 0.0375 | T79: 0 | U79: 0 | W79: =VLOOKUP(A:A,'[1]2w & 3w'!$A:$D,4,0) -> 52 | X79: =VLOOKUP(A:A,'[1]2w & 3w'!$A:$C,3,0) -> 1 | Y79: =W79-X79 -> 51 | Z79: =X79/W79 -> 0.019230769 | AB79: =VLOOKUP(A:A,'[1]2w & 3w'!$A:$G,7,0) -> 28 | AC79: =VLOOKUP(A:A,'[1]2w & 3w'!$A:$F,6,0) -> 5 | AD79: =AB79-AC79 -> 23 | AE79: =AC79/AB79 -> 0.17857143
A80: Divya | C80: =C81+C89+C104+C98+C109 -> 32 | F80: =F81+F89+F104+F98+F109 -> 3331 | G80: =G81+G89+G104+G98+G109 -> 404 | H80: =H81+H89+H104+H98+H109 -> 2927 | I80: =G80/F80 -> 0.1212849 | K80: =K81+K89+K104+K98+K109 -> 399.72 | L80: =L81+L89+L104+L98+L109 -> 0 | M80: =M81+M89+M104+M98+M109 -> 399.72 | N80: =L80/F80 -> 0 | P80: 0.16039375 | R80: 0.078354848 | S80: 0.024016812 | T80: 0.014710297 | U80: 0.0042029421 | W80: =W81+W89+W104+W98+W109 -> 1739 | X80: =X81+X89+X104+X98+X109 -> 156 | Y80: =Y81+Y89+Y104+Y98+Y109 -> 1583 | Z80: =X80/W80 -> 0.089706728 | AB80: =AB81+AB89+AB104+AB98+AB109 -> 1592 | AC80: =AC81+AC89+AC104+AC98+AC109 -> 248 | AD80: =AD81+AD89+AD104+AD98+AD109 -> 1344 | AE80: =AC80/AB80 -> 0.15577889
A81: Balraju | C81: =SUM(C82:C88) -> 9 | F81: =SUM(F82:F88) -> 698 | G81: =SUM(G82:G88) -> 83 | H81: =SUM(H82:H88) -> 615 | I81: =G81/F81 -> 0.11891117 | K81: =SUM(K82:K88) -> 83.76 | L81: =SUM(L82:L88) -> 0 | M81: =SUM(M82:M88) -> 83.76 | N81: =L81/F81 -> 0 | P81: 0.17910448 | R81: 0.074498567 | S81: 0.018624642 | T81: 0.021489971 | U81: 0.0042979943 | W81: =SUM(W82:W88) -> 443 | X81: =SUM(X82:X88) -> 47 | Y81: =SUM(Y82:Y88) -> 396 | Z81: =X81/W81 -> 0.10609481 | AB81: =SUM(AB82:AB88) -> 255 | AC81: =SUM(AC82:AC88) -> 36 | AD81: =SUM(AD82:AD88) -> 219 | AE81: =AC81/AB81 -> 0.14117647
A82: Achampeta | C82: 2 | F82: =VLOOKUP(A:A,[1]Sheet1!$A:$D,4,0) -> 153 | G82: =VLOOKUP(A:A,[1]Sheet1!$A:$C,3,0) -> 18 | H82: =F82-G82 -> 135 | I82: =G82/F82 -> 0.11764706 | K82: =F82*12/100 -> 18.36 | M82: =K82-L82 -> 18.36 | N82: =L82/F82 -> 0 | P82: 0.16949153 | R82: 0.071895425 | S82: 0.013071895 | T82: 0.019607843 | U82: 0.013071895 | W82: =VLOOKUP(A:A,'[1]2w & 3w'!$A:$D,4,0) -> 136 | X82: =VLOOKUP(A:A,'[1]2w & 3w'!$A:$C,3,0) -> 13 | Y82: =W82-X82 -> 123 | Z82: =X82/W82 -> 0.095588235 | AB82: =VLOOKUP(A:A,'[1]2w & 3w'!$A:$G,7,0) -> 17 | AC82: =VLOOKUP(A:A,'[1]2w & 3w'!$A:$F,6,0) -> 5 | AD82: =AB82-AC82 -> 12 | AE82: =AC82/AB82 -> 0.29411765
A83: Devarkadra (2W) | C83: 2 | F83: =VLOOKUP(A:A,[1]Sheet1!$A:$D,4,0) -> 108 | G83: =VLOOKUP(A:A,[1]Sheet1!$A:$C,3,0) -> 14 | H83: =F83-G83 -> 94 | I83: =G83/F83 -> 0.12962963 | K83: =F83*12/100 -> 12.96 | M83: =K83-L83 -> 12.96 | N83: =L83/F83 -> 0 | P83: 0.178 | R83: 0.055555556 | S83: 0.027777778 | T83: 0.046296296 | U83: 0 | W83: =VLOOKUP(A:A,'[1]2w & 3w'!$A:$D,4,0) -> 83 | X83: =VLOOKUP(A:A,'[1]2w & 3w'!$A:$C,3,0) -> 8 | Y83: =W83-X83 -> 75 | Z83: =X83/W83 -> 0.096385542 | AB83: =VLOOKUP(A:A,'[1]2w & 3w'!$A:$G,7,0) -> 25 | AC83: =VLOOKUP(A:A,'[1]2w & 3w'!$A:$F,6,0) -> 6 | AD83: =AB83-AC83 -> 19 | AE83: =AC83/AB83 -> 0.24
A84: Kothakota | B84: SE ex | C84: 1 | F84: =VLOOKUP(A:A,[1]Sheet1!$A:$D,4,0) -> 62 | G84: =VLOOKUP(A:A,[1]Sheet1!$A:$C,3,0) -> 4 | H84: =F84-G84 -> 58 | I84: =G84/F84 -> 0.064516129 | K84: =F84*12/100 -> 7.44 | M84: =K84-L84 -> 7.44 | N84: =L84/F84 -> 0 | P84: 0.16666667 | R84: 0.032258065 | S84: 0.032258065 | T84: 0 | U84: 0 | W84: =VLOOKUP(A:A,'[1]2w & 3w'!$A:$D,4,0) -> 30 | X84: =VLOOKUP(A:A,'[1]2w & 3w'!$A:$C,3,0) -> 2 | Y84: =W84-X84 -> 28 | Z84: =X84/W84 -> 0.066666667 | AB84: =VLOOKUP(A:A,'[1]2w & 3w'!$A:$G,7,0) -> 32 | AC84: =VLOOKUP(A:A,'[1]2w & 3w'!$A:$F,6,0) -> 2 | AD84: =AB84-AC84 -> 30 | AE84: =AC84/AB84 -> 0.0625
A85: Kollapur | C85: 1 | F85: =VLOOKUP(A:A,[1]Sheet1!$A:$D,4,0) -> 74 | G85: =VLOOKUP(A:A,[1]Sheet1!$A:$C,3,0) -> 12 | H85: =F85-G85 -> 62 | I85: =G85/F85 -> 0.16216216 | K85: =F85*12/100 -> 8.88 | M85: =K85-L85 -> 8.88 | N85: =L85/F85 -> 0 | P85: 0.14814815 | R85: 0.10810811 | S85: 0.013513514 | T85: 0.027027027 | U85: 0.013513514 | W85: =VLOOKUP(A:A,'[1]2w & 3w'!$A:$D,4,0) -> 74 | X85: =VLOOKUP(A:A,'[1]2w & 3w'!$A:$C,3,0) -> 12 | Y85: =W85-X85 -> 62 | Z85: =X85/W85 -> 0.16216216 | AB85: =VLOOKUP(A:A,'[1]2w & 3w'!$A:$G,7,0) -> 0 | AC85: =VLOOKUP(A:A,'[1]2w & 3w'!$A:$F,6,0) -> 0 | AD85: =AB85-AC85 -> 0 | AE85: 0
A86: MahaboobNagar | B86: SE ex | C86: 1 | F86: =VLOOKUP(A:A,[1]Sheet1!$A:$D,4,0) -> 116 | G86: =VLOOKUP(A:A,[1]Sheet1!$A:$C,3,0) -> 15 | H86: =F86-G86 -> 101 | I86: =G86/F86 -> 0.12931034 | K86: =F86*12/100 -> 13.92 | M86: =K86-L86 -> 13.92 | N86: =L86/F86 -> 0 | P86: 0.20731707 | R86: 0.094827586 | S86: 0.025862069 | T86: 0.0086206897 | U86: 0 | W86: =VLOOKUP(A:A,'[1]2w & 3w'!$A:$D,4,0) -> 36 | X86: =VLOOKUP(A:A,'[1]2w & 3w'!$A:$C,3,0) -> 3 | Y86: =W86-X86 -> 33 | Z86: =X86/W86 -> 0.083333333 | AB86: =VLOOKUP(A:A,'[1]2w & 3w'!$A:$G,7,0) -> 80 | AC86: =VLOOKUP(A:A,'[1]2w & 3w'!$A:$F,6,0) -> 12 | AD86: =AB86-AC86 -> 68 | AE86: =AC86/AB86 -> 0.15
A87: Makthal | B87: SE ex | C87: 1 | F87: =VLOOKUP(A:A,[1]Sheet1!$A:$D,4,0) -> 78 | G87: =VLOOKUP(A:A,[1]Sheet1!$A:$C,3,0) -> 9 | H87: =F87-G87 -> 69 | I87: =G87/F87 -> 0.11538462 | K87: =F87*12/100 -> 9.36 | M87: =K87-L87 -> 9.36 | N87: =L87/F87 -> 0 | P87: 0.19230769 | R87: 0.076923077 | S87: 0.025641026 | T87: 0.012820513 | U87: 0 | W87: =VLOOKUP(A:A,'[1]2w & 3w'!$A:$D,4,0) -> 72 | X87: =VLOOKUP(A:A,'[1]2w & 3w'!$A:$C,3,0) -> 8 | Y87: =W87-X87 -> 64 | Z87: =X87/W87 -> 0.11111111 | AB87: =VLOOKUP(A:A,'[1]2w & 3w'!$A:$G,7,0) -> 6 | AC87: =VLOOKUP(A:A,'[1]2w & 3w'!$A:$F,6,0) -> 1 | AD87: =AB87-AC87 -> 5 | AE87: =AC87/AB87 -> 0.16666667
A88: Wanaparthy | C88: 1 | F88: =VLOOKUP(A:A,[1]Sheet1!$A:$D,4,0) -> 107 | G88: =VLOOKUP(A:A,[1]Sheet1!$A:$C,3,0) -> 11 | H88: =F88-G88 -> 96 | I88: =G88/F88 -> 0.10280374 | K88: =F88*12/100 -> 12.84 | M88: =K88-L88 -> 12.84 | N88: =L88/F88 -> 0 | P88: 0.17293233 | R88: 0.074766355 | S88: 0 | T88: 0.028037383 | U88: 0 | W88: =VLOOKUP(A:A,'[1]2w & 3w'!$A:$D,4,0) -> 12 | X88: =VLOOKUP(A:A,'[1]2w & 3w'!$A:$C,3,0) -> 1 | Y88: =W88-X88 -> 11 | Z88: =X88/W88 -> 0.083333333 | AB88: =VLOOKUP(A:A,'[1]2w & 3w'!$A:$G,7,0) -> 95 | AC88: =VLOOKUP(A:A,'[1]2w & 3w'!$A:$F,6,0) -> 10 | AD88: =AB88-AC88 -> 85 | AE88: =AC88/AB88 -> 0.10526316
A89: ILYAZ | C89: =SUM(C90:C97) -> 8 | F89: =SUM(F90:F97) -> 933 | G89: =SUM(G90:G97) -> 139 | H89: =SUM(H90:H97) -> 794 | I89: =G89/F89 -> 0.14898178 | K89: =SUM(K90:K97) -> 111.96 | L89: =SUM(L90:L97) -> 0 | M89: =SUM(M90:M97) -> 111.96 | N89: =L89/F89 -> 0 | P89: 0.17774763 | R89: 0.088960343 | S89: 0.031082529 | T89: 0.021436227 | U89: 0.0075026795 | W89: =SUM(W90:W97) -> 321 | X89: =SUM(X90:X97) -> 35 | Y89: =SUM(Y90:Y97) -> 286 | Z89: =X89/W89 -> 0.10903427 | AB89: =SUM(AB90:AB97) -> 612 | AC89: =SUM(AC90:AC97) -> 104 | AD89: =SUM(AD90:AD97) -> 508 | AE89: =AC89/AB89 -> 0.16993464
A90: Kodangal(2W) | C90: 1 | D90: 1N | F90: =VLOOKUP(A:A,[1]Sheet1!$A:$D,4,0) -> 193 | G90: =VLOOKUP(A:A,[1]Sheet1!$A:$C,3,0) -> 35 | H90: =F90-G90 -> 158 | I90: =G90/F90 -> 0.18134715 | K90: =F90*12/100 -> 23.16 | M90: =K90-L90 -> 23.16 | N90: =L90/F90 -> 0 | P90: 0.164 | R90: 0.10362694 | S90: 0.031088083 | T90: 0.03626943 | U90: 0.010362694 | W90: =VLOOKUP(A:A,'[1]2w & 3w'!$A:$D,4,0) -> 123 | X90: =VLOOKUP(A:A,'[1]2w & 3w'!$A:$C,3,0) -> 16 | Y90: =W90-X90 -> 107 | Z90: =X90/W90 -> 0.1300813 | AB90: =VLOOKUP(A:A,'[1]2w & 3w'!$A:$G,7,0) -> 70 | AC90: =VLOOKUP(A:A,'[1]2w & 3w'!$A:$F,6,0) -> 19 | AD90: =AB90-AC90 -> 51 | AE90: =AC90/AB90 -> 0.27142857
A91: Kodangal (Auto) | B91: SE ex | C91: 1 | F91: =VLOOKUP(A:A,[1]Sheet1!$A:$D,4,0) -> 105 | G91: =VLOOKUP(A:A,[1]Sheet1!$A:$C,3,0) -> 13 | H91: =F91-G91 -> 92 | I91: =G91/F91 -> 0.12380952 | K91: =F91*12/100 -> 12.6 | M91: =K91-L91 -> 12.6 | N91: =L91/F91 -> 0 | P91: 0.11111111 | R91: 0.057142857 | S91: 0.0095238095 | T91: 0.038095238 | U91: 0.019047619 | W91: =VLOOKUP(A:A,'[1]2w & 3w'!$A:$D,4,0) -> 0 | X91: =VLOOKUP(A:A,'[1]2w & 3w'!$A:$C,3,0) -> 0 | Y91: =W91-X91 -> 0 | Z91: 0 | AB91: =VLOOKUP(A:A,'[1]2w & 3w'!$A:$G,7,0) -> 105 | AC91: =VLOOKUP(A:A,'[1]2w & 3w'!$A:$F,6,0) -> 13 | AD91: =AB91-AC91 -> 92 | AE91: =AC91/AB91 -> 0.12380952
A92: Kosgi | B92: SE ex | C92: 1 | F92: =VLOOKUP(A:A,[1]Sheet1!$A:$D,4,0) -> 130 | G92: =VLOOKUP(A:A,[1]Sheet1!$A:$C,3,0) -> 15 | H92: =F92-G92 -> 115 | I92: =G92/F92 -> 0.11538462 | K92: =F92*12/100 -> 15.6 | M92: =K92-L92 -> 15.6 | N92: =L92/F92 -> 0 | P92: 0.17117117 | R92: 0.038461538 | S92: 0.038461538 | T92: 0.023076923 | U92: 0.015384615 | W92: =VLOOKUP(A:A,'[1]2w & 3w'!$A:$D,4,0) -> 90 | X92: =VLOOKUP(A:A,'[1]2w & 3w'!$A:$C,3,0) -> 8 | Y92: =W92-X92 -> 82 | Z92: =X92/W92 -> 0.088888889 | AB92: =VLOOKUP(A:A,'[1]2w & 3w'!$A:$G,7,0) -> 40 | AC92: =VLOOKUP(A:A,'[1]2w & 3w'!$A:$F,6,0) -> 7 | AD92: =AB92-AC92 -> 33 | AE92: =AC92/AB92 -> 0.175
A93: Kulakacharla | C93: 1 | F93: =VLOOKUP(A:A,[1]Sheet1!$A:$D,4,0) -> 94 | G93: =VLOOKUP(A:A,[1]Sheet1!$A:$C,3,0) -> 10 | H93: =F93-G93 -> 84 | I93: =G93/F93 -> 0.10638298 | K93: =F93*12/100 -> 11.28 | M93: =K93-L93 -> 11.28 | N93: =L93/F93 -> 0 | P93: 0.12643678 | R93: 0.063829787 | S93: 0.021276596 | T93: 0.010638298 | U93: 0.010638298 | W93: =VLOOKUP(A:A,'[1]2w & 3w'!$A:$D,4,0) -> 67 | X93: =VLOOKUP(A:A,'[1]2w & 3w'!$A:$C,3,0) -> 7 | Y93: =W93-X93 -> 60 | Z93: =X93/W93 -> 0.10447761 | AB93: =VLOOKUP(A:A,'[1]2w & 3w'!$A:$G,7,0) -> 27 | AC93: =VLOOKUP(A:A,'[1]2w & 3w'!$A:$F,6,0) -> 3 | AD93: =AB93-AC93 -> 24 | AE93: =AC93/AB93 -> 0.11111111
A94: Kulakacherla (Auto) | C94: 1 | F94: =VLOOKUP(A:A,[1]Sheet1!$A:$D,4,0) -> 117 | G94: =VLOOKUP(A:A,[1]Sheet1!$A:$C,3,0) -> 26 | H94: =F94-G94 -> 91 | I94: =G94/F94 -> 0.22222222 | K94: =F94*12/100 -> 14.04 | M94: =K94-L94 -> 14.04 | N94: =L94/F94 -> 0 | P94: 0.23076923 | R94: 0.15384615 | S94: 0.051282051 | T94: 0.017094017 | U94: 0 | W94: =VLOOKUP(A:A,'[1]2w & 3w'!$A:$D,4,0) -> 4 | X94: =VLOOKUP(A:A,'[1]2w & 3w'!$A:$C,3,0) -> 0 | Y94: =W94-X94 -> 4 | Z94: =X94/W94 -> 0 | AB94: =VLOOKUP(A:A,'[1]2w & 3w'!$A:$G,7,0) -> 113 | AC94: =VLOOKUP(A:A,'[1]2w & 3w'!$A:$F,6,0) -> 26 | AD94: =AB94-AC94 -> 87 | AE94: =AC94/AB94 -> 0.2300885
A95: Parigi | C95: 1 | F95: =VLOOKUP(A:A,[1]Sheet1!$A:$D,4,0) -> 113 | G95: =VLOOKUP(A:A,[1]Sheet1!$A:$C,3,0) -> 18 | H95: =F95-G95 -> 95 | I95: =G95/F95 -> 0.15929204 | K95: =F95*12/100 -> 13.56 | M95: =K95-L95 -> 13.56 | N95: =L95/F95 -> 0 | P95: 0.23312883 | R95: 0.11504425 | S95: 0.026548673 | T95: 0.017699115 | U95: 0 | W95: =VLOOKUP(A:A,'[1]2w & 3w'!$A:$D,4,0) -> 5 | X95: =VLOOKUP(A:A,'[1]2w & 3w'!$A:$C,3,0) -> 1 | Y95: =W95-X95 -> 4 | Z95: =X95/W95 -> 0.2 | AB95: =VLOOKUP(A:A,'[1]2w & 3w'!$A:$G,7,0) -> 108 | AC95: =VLOOKUP(A:A,'[1]2w & 3w'!$A:$F,6,0) -> 17 | AD95: =AB95-AC95 -> 91 | AE95: =AC95/AB95 -> 0.15740741
A96: Vikarabad | C96: 1 | F96: =VLOOKUP(A:A,[1]Sheet1!$A:$D,4,0) -> 74 | G96: =VLOOKUP(A:A,[1]Sheet1!$A:$C,3,0) -> 13 | H96: =F96-G96 -> 61 | I96: =G96/F96 -> 0.17567568 | K96: =F96*12/100 -> 8.88 | M96: =K96-L96 -> 8.88 | N96: =L96/F96 -> 0 | P96: 0.21276596 | R96: 0.13513514 | S96: 0.040540541 | T96: 0 | U96: 0 | W96: =VLOOKUP(A:A,'[1]2w & 3w'!$A:$D,4,0) -> 30 | X96: =VLOOKUP(A:A,'[1]2w & 3w'!$A:$C,3,0) -> 3 | Y96: =W96-X96 -> 27 | Z96: =X96/W96 -> 0.1 | AB96: =VLOOKUP(A:A,'[1]2w & 3w'!$A:$G,7,0) -> 44 | AC96: =VLOOKUP(A:A,'[1]2w & 3w'!$A:$F,6,0) -> 10 | AD96: =AB96-AC96 -> 34 | AE96: =AC96/AB96 -> 0.22727273
A97: Zaheerabad - 1 | C97: 1 | F97: =VLOOKUP(A:A,[1]Sheet1!$A:$D,4,0) -> 107 | G97: =VLOOKUP(A:A,[1]Sheet1!$A:$C,3,0) -> 9 | H97: =F97-G97 -> 98 | I97: =G97/F97 -> 0.08411215 | K97: =F97*12/100 -> 12.84 | M97: =K97-L97 -> 12.84 | N97: =L97/F97 -> 0 | P97: 0.178 | R97: 0.046728972 | S97: 0.028037383 | T97: 0.0093457944 | U97: 0 | W97: =VLOOKUP(A:A,'[1]2w & 3w'!$A:$D,4,0) -> 2 | X97: =VLOOKUP(A:A,'[1]2w & 3w'!$A:$C,3,0) -> 0 | Y97: =W97-X97 -> 2 | Z97: =X97/W97 -> 0 | AB97: =VLOOKUP(A:A,'[1]2w & 3w'!$A:$G,7,0) -> 105 | AC97: =VLOOKUP(A:A,'[1]2w & 3w'!$A:$F,6,0) -> 9 | AD97: =AB97-AC97 -> 96 | AE97: =AC97/AB97 -> 0.085714286
A98: Krishnamurthy | C98: =SUM(C99:C103) -> 6 | F98: =SUM(F99:F103) -> 661 | G98: =SUM(G99:G103) -> 79 | H98: =SUM(H99:H103) -> 582 | I98: =G98/F98 -> 0.11951589 | K98: =SUM(K99:K103) -> 79.32 | L98: =SUM(L99:L103) -> 0 | M98: =SUM(M99:M103) -> 79.32 | N98: =L98/F98 -> 0 | P98: 0.17270195 | R98: 0.083207262 | S98: 0.02118003 | T98: 0.012102874 | U98: 0.0030257186 | W98: =SUM(W99:W103) -> 273 | X98: =SUM(X99:X103) -> 18 | Y98: =SUM(Y99:Y103) -> 255 | Z98: =X98/W98 -> 0.065934066 | AB98: =SUM(AB99:AB103) -> 388 | AC98: =SUM(AC99:AC103) -> 61 | AD98: =SUM(AD99:AD103) -> 327 | AE98: =AC98/AB98 -> 0.15721649
A99: Medak | C99: 1 | F99: =VLOOKUP(A:A,[1]Sheet1!$A:$D,4,0) -> 125 | G99: =VLOOKUP(A:A,[1]Sheet1!$A:$C,3,0) -> 17 | H99: =F99-G99 -> 108 | I99: =G99/F99 -> 0.136 | K99: =F99*12/100 -> 15 | M99: =K99-L99 -> 15 | N99: =L99/F99 -> 0 | P99: 0.17171717 | R99: 0.088 | S99: 0.032 | T99: 0.008 | U99: 0.008 | W99: =VLOOKUP(A:A,'[1]2w & 3w'!$A:$D,4,0) -> 2 | X99: =VLOOKUP(A:A,'[1]2w & 3w'!$A:$C,3,0) -> 0 | Y99: =W99-X99 -> 2 | Z99: =X99/W99 -> 0 | AB99: =VLOOKUP(A:A,'[1]2w & 3w'!$A:$G,7,0) -> 123 | AC99: =VLOOKUP(A:A,'[1]2w & 3w'!$A:$F,6,0) -> 17 | AD99: =AB99-AC99 -> 106 | AE99: =AC99/AB99 -> 0.13821138
A100: Pitlam | C100: 1 | F100: =VLOOKUP(A:A,[1]Sheet1!$A:$D,4,0) -> 150 | G100: =VLOOKUP(A:A,[1]Sheet1!$A:$C,3,0) -> 7 | H100: =F100-G100 -> 143 | I100: =G100/F100 -> 0.046666667 | K100: =F100*12/100 -> 18 | M100: =K100-L100 -> 18 | N100: =L100/F100 -> 0 | P100: 0.15602837 | R100: 0.026666667 | S100: 0 | T100: 0.02 | U100: 0 | W100: =VLOOKUP(A:A,'[1]2w & 3w'!$A:$D,4,0) -> 150 | X100: =VLOOKUP(A:A,'[1]2w & 3w'!$A:$C,3,0) -> 7 | Y100: =W100-X100 -> 143 | Z100: =X100/W100 -> 0.046666667 | AB100: =VLOOKUP(A:A,'[1]2w & 3w'!$A:$G,7,0) -> 0 | AC100: =VLOOKUP(A:A,'[1]2w & 3w'!$A:$F,6,0) -> 0 | AD100: =AB100-AC100 -> 0 | AE100: =AC100/AB100 -> #DIV/0!
...

Sheet Seizing 
A2: Date :05.11.2025
A3: Row Labels | B3: Due List Total | C3: RCVD | D3: BLC | E3: % | G3: 1st Nov | H3: 2nd Nov | I3: 3rd Nov | J3: 4th Nov | K3: 5th Nov | M3: G Total
A4: Sai Rekha | B4: =SUM(B5:B11) -> 3242 | C4: =SUM(C5:C11) -> 403 | D4: =SUM(D5:D11) -> 2839 | E4: =C4/B4 -> 0.12430598 | G4: =SUM(G5:G11) -> 0 | H4: =SUM(H5:H11) -> 0 | I4: =SUM(I5:I11) -> 4 | J4: =SUM(J5:J11) -> 3 | K4: =SUM(K5:K11) -> 2 | M4: =SUM(M5:M11) -> 9
A5: Jamanna | B5: =VLOOKUP(A:A,Sheet1!A:F,6,0) -> 562 | C5: =VLOOKUP(A:A,Sheet1!A:G,7,0) -> 61 | D5: =B5-C5 -> 501 | E5: =C5/B5 -> 0.10854093 | M5: =I5+H5+G5+J5+K5 -> 0
A6: NO_ TL bhainsa | B6: =VLOOKUP(A:A,Sheet1!A:F,6,0) -> 235 | C6: =VLOOKUP(A:A,Sheet1!A:G,7,0) -> 35 | D6: =B6-C6 -> 200 | E6: =C6/B6 -> 0.14893617 | M6: =I6+H6+G6+J6+K6 -> 0
A7: NO TL ADILABAD | B7: =VLOOKUP(A:A,Sheet1!A:F,6,0) -> 122 | C7: =VLOOKUP(A:A,Sheet1!A:G,7,0) -> 10 | D7: =B7-C7 -> 112 | E7: =C7/B7 -> 0.081967213 | M7: =I7+H7+G7+J7+K7 -> 0
A8: Vijay - MBNR | B8: =VLOOKUP(A:A,Sheet1!A:F,6,0) -> 821 | C8: =VLOOKUP(A:A,Sheet1!A:G,7,0) -> 148 | D8: =B8-C8 -> 673 | E8: =C8/B8 -> 0.18026797 | M8: =I8+H8+G8+J8+K8 -> 0
A9: Amjed Ali | B9: =VLOOKUP(A:A,Sheet1!A:F,6,0) -> 507 | C9: =VLOOKUP(A:A,Sheet1!A:G,7,0) -> 51 | D9: =B9-C9 -> 456 | E9: =C9/B9 -> 0.10059172 | J9: 1 | K9: 1 | M9: =I9+H9+G9+J9+K9 -> 2
A10: Satish | B10: =VLOOKUP(A:A,Sheet1!A:F,6,0) -> 488 | C10: =VLOOKUP(A:A,Sheet1!A:G,7,0) -> 57 | D10: =B10-C10 -> 431 | E10: =C10/B10 -> 0.11680328 | I10: 2 | J10: 1 | K10: 1 | M10: =I10+H10+G10+J10+K10 -> 4
A11: Shamshuddin | B11: =VLOOKUP(A:A,Sheet1!A:F,6,0) -> 507 | C11: =VLOOKUP(A:A,Sheet1!A:G,7,0) -> 41 | D11: =B11-C11 -> 466 | E11: =C11/B11 -> 0.08086785 | I11: 2 | J11: 1 | M11: =I11+H11+G11+J11+K11 -> 3
A12: NARENDER | B12: =SUM(B13:B19) -> 3471 | C12: =SUM(C13:C19) -> 502 | D12: =SUM(D13:D19) -> 2969 | E12: =C12/B12 -> 0.14462691 | G12: =SUM(G13:G19) -> 2 | H12: =SUM(H13:H19) -> 1 | I12: =SUM(I13:I19) -> 7 | J12: =SUM(J13:J19) -> 6 | K12: =SUM(K13:K19) -> 7 | M12: =SUM(M13:M19) -> 23
A13: Ashok | B13: =VLOOKUP(A:A,Sheet1!A:F,6,0) -> 563 | C13: =VLOOKUP(A:A,Sheet1!A:G,7,0) -> 62 | D13: =B13-C13 -> 501 | E13: =C13/B13 -> 0.11012433 | H13: 1 | J13: 2 | K13: 2 | M13: =I13+H13+G13+J13+K13 -> 5
A14: Vijay - Kamareddy | B14: =VLOOKUP(A:A,Sheet1!A:F,6,0) -> 485 | C14: =VLOOKUP(A:A,Sheet1!A:G,7,0) -> 67 | D14: =B14-C14 -> 418 | E14: =C14/B14 -> 0.13814433 | G14: 1 | I14: 2 | J14: 2 | K14: 2 | M14: =I14+H14+G14+J14+K14 -> 7
A15: Veeranna | B15: =VLOOKUP(A:A,Sheet1!A:F,6,0) -> 656 | C15: =VLOOKUP(A:A,Sheet1!A:G,7,0) -> 116 | D15: =B15-C15 -> 540 | E15: =C15/B15 -> 0.17682927 | G15: 1 | I15: 3 | K15: 1 | M15: =I15+H15+G15+J15+K15 -> 5
A16: Gnanamuthyam | B16: =VLOOKUP(A:A,Sheet1!A:F,6,0) -> 404 | C16: =VLOOKUP(A:A,Sheet1!A:G,7,0) -> 63 | D16: =B16-C16 -> 341 | E16: =C16/B16 -> 0.15594059 | J16: 1 | M16: =I16+H16+G16+J16+K16 -> 1
A17: Anumanna | B17: =VLOOKUP(A:A,Sheet1!A:F,6,0) -> 582 | C17: =VLOOKUP(A:A,Sheet1!A:G,7,0) -> 92 | D17: =B17-C17 -> 490 | E17: =C17/B17 -> 0.1580756 | I17: 2 | K17: 1 | M17: =I17+H17+G17+J17+K17 -> 3
A18: Kulayapeera | B18: =VLOOKUP(A:A,Sheet1!A:F,6,0) -> 520 | C18: =VLOOKUP(A:A,Sheet1!A:G,7,0) -> 66 | D18: =B18-C18 -> 454 | E18: =C18/B18 -> 0.12692308 | J18: 1 | K18: 1 | M18: =I18+H18+G18+J18+K18 -> 2
A19: Hindupur_Direct | B19: =VLOOKUP(A:A,Sheet1!A:F,6,0) -> 261 | C19: =VLOOKUP(A:A,Sheet1!A:G,7,0) -> 36 | D19: =B19-C19 -> 225 | E19: =C19/B19 -> 0.13793103 | M19: =I19+H19+G19+J19+K19 -> 0
A20: Priyanka | B20: =SUM(B21:B22) -> 979 | C20: =SUM(C21:C22) -> 72 | D20: =SUM(D21:D22) -> 907 | E20: =C20/B20 -> 0.073544433 | G20: =SUM(G21:G22) -> 1 | H20: =SUM(H21:H22) -> 0 | I20: =SUM(I21:I22) -> 4 | J20: =SUM(J21:J22) -> 3 | K20: =SUM(K21:K22) -> 4 | M20: =SUM(M21:M22) -> 12
A21: Siva Prasad | B21: =VLOOKUP(A:A,Sheet1!A:F,6,0) -> 544 | C21: =VLOOKUP(A:A,Sheet1!A:G,7,0) -> 38 | D21: =B21-C21 -> 506 | E21: =C21/B21 -> 0.069852941 | G21: 1 | I21: 2 | J21: 1 | K21: 3 | M21: =I21+H21+G21+J21+K21 -> 7
A22: Dadapeer | B22: =VLOOKUP(A:A,Sheet1!A:F,6,0) -> 435 | C22: =VLOOKUP(A:A,Sheet1!A:G,7,0) -> 34 | D22: =B22-C22 -> 401 | E22: =C22/B22 -> 0.07816092 | I22: 2 | J22: 2 | K22: 1 | M22: =I22+H22+G22+J22+K22 -> 5
A23: Divya | B23: =SUM(B24:B28) -> 3331 | C23: =SUM(C24:C28) -> 404 | D23: =SUM(D24:D28) -> 2927 | E23: =C23/B23 -> 0.1212849 | G23: =SUM(G24:G28) -> 1 | H23: =SUM(H24:H28) -> 0 | I23: =SUM(I24:I28) -> 3 | J23: =SUM(J24:J28) -> 6 | K23: =SUM(K24:K28) -> 4 | M23: =SUM(M24:M28) -> 14
A24: Balraju | B24: =VLOOKUP(A:A,Sheet1!A:F,6,0) -> 698 | C24: =VLOOKUP(A:A,Sheet1!A:G,7,0) -> 83 | D24: =B24-C24 -> 615 | E24: =C24/B24 -> 0.11891117 | G24: 1 | J24: 1 | K24: 1 | M24: =I24+H24+G24+J24+K24 -> 3
A25: ILYAZ | B25: =VLOOKUP(A:A,Sheet1!A:F,6,0) -> 933 | C25: =VLOOKUP(A:A,Sheet1!A:G,7,0) -> 139 | D25: =B25-C25 -> 794 | E25: =C25/B25 -> 0.14898178 | I25: 1 | J25: 2 | K25: 1 | M25: =I25+H25+G25+J25+K25 -> 4
A26: Krishnamurthy | B26: =VLOOKUP(A:A,Sheet1!A:F,6,0) -> 661 | C26: =VLOOKUP(A:A,Sheet1!A:G,7,0) -> 79 | D26: =B26-C26 -> 582 | E26: =C26/B26 -> 0.11951589 | I26: 1 | K26: 1 | M26: =I26+H26+G26+J26+K26 -> 2
A27: NO -TL - WGL | B27: =VLOOKUP(A:A,Sheet1!A:F,6,0) -> 350 | C27: =VLOOKUP(A:A,Sheet1!A:G,7,0) -> 34 | D27: =B27-C27 -> 316 | E27: =C27/B27 -> 0.097142857 | J27: 2 | M27: =I27+H27+G27+J27+K27 -> 2
A28: Murali | B28: =VLOOKUP(A:A,Sheet1!A:F,6,0) -> 689 | C28: =VLOOKUP(A:A,Sheet1!A:G,7,0) -> 69 | D28: =B28-C28 -> 620 | E28: =C28/B28 -> 0.10014514 | I28: 1 | J28: 1 | K28: 1 | M28: =I28+H28+G28+J28+K28 -> 3
A29: NAGESHWARRAO | B29: =SUM(B30:B33) -> 3279 | C29: =SUM(C30:C33) -> 322 | D29: =SUM(D30:D33) -> 2957 | E29: =C29/B29 -> 0.098200671 | G29: =SUM(G30:G33) -> 2 | H29: =SUM(H30:H33) -> 0 | I29: =SUM(I30:I33) -> 0 | J29: =SUM(J30:J33) -> 5 | K29: =SUM(K30:K33) -> 4 | M29: =SUM(M30:M33) -> 11
A30: PRAKASH | B30: =VLOOKUP(A:A,Sheet1!A:F,6,0) -> 399 | C30: =VLOOKUP(A:A,Sheet1!A:G,7,0) -> 36 | D30: =B30-C30 -> 363 | E30: =C30/B30 -> 0.090225564 | J30: 1 | K30: 1 | M30: =I30+H30+G30+J30+K30 -> 2
A31: Raju | B31: =VLOOKUP(A:A,Sheet1!A:F,6,0) -> 967 | C31: =VLOOKUP(A:A,Sheet1!A:G,7,0) -> 106 | D31: =B31-C31 -> 861 | E31: =C31/B31 -> 0.10961737 | J31: 2 | K31: 2 | M31: =I31+H31+G31+J31+K31 -> 4
A32: Satyanarayana | B32: =VLOOKUP(A:A,Sheet1!A:F,6,0) -> 860 | C32: =VLOOKUP(A:A,Sheet1!A:G,7,0) -> 108 | D32: =B32-C32 -> 752 | E32: =C32/B32 -> 0.1255814 | J32: 2 | M32: =I32+H32+G32+J32+K32 -> 2
A33: Thrinath | B33: =VLOOKUP(A:A,Sheet1!A:F,6,0) -> 1053 | C33: =VLOOKUP(A:A,Sheet1!A:G,7,0) -> 72 | D33: =B33-C33 -> 981 | E33: =C33/B33 -> 0.068376068 | G33: 2 | J33: Leave | K33: 1 | M33: =I33+H33+G33+K33 -> 3
A34: Venkanna | B34: =SUM(B35:B36) -> 1507 | C34: =SUM(C35:C36) -> 153 | D34: =SUM(D35:D36) -> 1354 | E34: =C34/B34 -> 0.10152621 | G34: =SUM(G35:G36) -> 1 | H34: =SUM(H35:H36) -> 0 | I34: =SUM(I35:I36) -> 0 | J34: =SUM(J35:J36) -> 1 | K34: =SUM(K35:K36) -> 5 | M34: =SUM(M35:M36) -> 7
A35: Abhilash | B35: =VLOOKUP(A:A,Sheet1!A:F,6,0) -> 812 | C35: =VLOOKUP(A:A,Sheet1!A:G,7,0) -> 84 | D35: =B35-C35 -> 728 | E35: =C35/B35 -> 0.10344828 | G35: 1 | K35: 3 | M35: =I35+H35+G35+J35+K35 -> 4
A36: Iliyaz - kak | B36: =VLOOKUP(A:A,Sheet1!A:F,6,0) -> 695 | C36: =VLOOKUP(A:A,Sheet1!A:G,7,0) -> 69 | D36: =B36-C36 -> 626 | E36: =C36/B36 -> 0.099280576 | J36: 1 | K36: 2 | M36: =I36+H36+G36+J36+K36 -> 3
A37: Grand Total | B37: =B34+B29+B23+B20+B12+B4 -> 15809 | C37: =C34+C29+C23+C20+C12+C4 -> 1856 | D37: =D34+D29+D23+D20+D12+D4 -> 13953 | E37: =C37/B37 -> 0.11740148 | G37: =G34+G29+G23+G20+G12+G4 -> 7 | H37: =H34+H29+H23+H20+H12+H4 -> 1 | I37: =I34+I29+I23+I20+I12+I4 -> 18 | J37: =J34+J29+J23+J20+J12+J4 -> 24 | K37: =K34+K29+K23+K20+K12+K4 -> 26 | M37: =M34+M29+M23+M20+M12+M4 -> 76
F39: KK | G39: 2 | I39: 2 | J39: 7 | K39: 9 | M39: =I39+H39+G39+J39+K39 -> 20
F40: Agency | G40: 4 | H40: 3 | I40: 14 | J40: 7 | K40: 4 | M40: =I40+H40+G40+J40+K40 -> 32
F41: Sales | K41: 1 | M41: =I41+H41+G41+J41+K41 -> 1
F42: Total | G42: =SUM(G37:G41) -> 13 | H42: =SUM(H37:H41) -> 4 | I42: =SUM(I37:I41) -> 34 | J42: =SUM(J37:J41) -> 38 | K42: =SUM(K37:K41) -> 40 | M42: =I42+H42+G42+J42+K42 -> 129
